#usda 1.0
(
    customLayerData = {
        dictionary cameraSettings = {
            dictionary Front = {
                double3 position = (500, 0, 0)
                double radius = 5
            }
            dictionary Perspective = {
                double3 position = (-5.490006570055001, -6.041407272619409, 4.485263334652934)
                double3 target = (-5.181943232281569, -5.965474394156695, 3.783477468144935)
            }
            dictionary Right = {
                double3 position = (0, -500, 0)
                double radius = 5
            }
            dictionary Top = {
                double3 position = (0, 0, 500)
                double radius = 5
            }
            string boundCamera = "/OmniverseKit_Persp"
        }
        dictionary omni_layer = {
            string authoring_layer = "./new_base_room.usda"
            dictionary locked = {
            }
            dictionary muteness = {
            }
        }
        dictionary renderSettings = {
        }
    }
    defaultPrim = "World"
    endTimeCode = 1000000
    metersPerUnit = 1
    startTimeCode = 0
    timeCodesPerSecond = 60
    upAxis = "Z"
)

def Xform "World"
{
    def Xform "Environment"
    {
        double3 xformOp:rotateZYX = (-0, 0, -0)
        double3 xformOp:scale = (1, 1, 1)
        double3 xformOp:translate = (0, 0, 0)
        uniform token[] xformOpOrder = ["xformOp:translate", "xformOp:rotateZYX", "xformOp:scale"]

        def Xform "room_static"
        {
            float xformOp:rotateX = 0
            uniform token[] xformOpOrder = ["xformOp:rotateX"]

            def Xform "Floor" (
                apiSchemas = None
            )
            {
                def Mesh "WalkableFloor" (
                    active = true
                    apiSchemas = None
                )
                {
                    uniform bool doubleSided = 1
                    int[] faceVertexCounts = [4]
                    int[] faceVertexIndices = [0, 1, 2, 3]
                    point3f[] points = [(-13, -14, 0), (-1, -14, 0), (-1, -4, 0), (-13, -4, 0)]
                    color3f[] primvars:displayColor = [(0.42, 0.42, 0.42)]
                }
            }

            def Xform "Walls"
            {
                def "Geo_M1_SideWallPanel_95" (
                    apiSchemas = None
                    prepend payload = @https://omniverse-content-production.s3-us-west-2.amazonaws.com/Assets/Isaac/5.1/Isaac/Environments/Hospital/Props/Geo_M1_SideWallPanel_95.usd@
                )
                {
                    quatf xformOp:orient = (1, 0, 0, 0)
                    float3 xformOp:scale = (1, 1, 1)
                    double3 xformOp:translate = (-12.825445759061186, -15.21602125385821, -5.746766191805364e-7)
                    uniform token[] xformOpOrder = ["xformOp:translate", "xformOp:orient", "xformOp:scale"]

                    over "Geo_M1_SideWallPanel"
                    {
                        quatf xformOp:orient = (1, 0, 0, 0)
                        float3 xformOp:scale = (1, 1, 1)
                        double3 xformOp:translate = (4.371996963268662, 3.9249891303809594, 0)
                        uniform token[] xformOpOrder = ["xformOp:translate", "xformOp:orient", "xformOp:scale"]

                        over "Geo_M1_SideWallPanel"
                        {
                        }
                    }
                }

                def "Geo_M1_SideWall_11" (
                    apiSchemas = None
                    prepend payload = @https://omniverse-content-production.s3-us-west-2.amazonaws.com/Assets/Isaac/5.1/Isaac/Environments/Hospital/Props/Geo_M1_SideWall_11.usd@
                )
                {
                    quatf xformOp:orient = (1, 0, 0, 0)
                    float3 xformOp:scale = (1, 1, 1)
                    double3 xformOp:translate = (-8.542840003967285, -11.418732977226288, -1.0768279423700733e-7)
                    uniform token[] xformOpOrder = ["xformOp:translate", "xformOp:orient", "xformOp:scale"]

                    over "Geo_M1_SideWall" (
                        prepend apiSchemas = ["MaterialBindingAPI"]
                    )
                    {
                        rel material:binding = </World/Environment/props/room_props/ridgeback_03/Looks/material_white> (
                            bindMaterialAs = "weakerThanDescendants"
                        )

                        over "Geo_M1_SideWall"
                        {
                            over "Section0"
                            {
                            }

                            over "Section1"
                            {
                            }
                        }
                    }
                }

                def "Geo_M3_SideWall_40" (
                    apiSchemas = None
                    prepend payload = @https://omniverse-content-production.s3-us-west-2.amazonaws.com/Assets/Isaac/5.1/Isaac/Environments/Hospital/Props/Geo_M3_SideWall_39.usd@
                )
                {
                    quatf xformOp:orient = (1, 0, 0, 0)
                    float3 xformOp:scale = (1, 1, 1)
                    double3 xformOp:translate = (-12.525215148925781, -15.307943344116211, 2.850831037903845e-7)
                    uniform token[] xformOpOrder = ["xformOp:translate", "xformOp:orient", "xformOp:scale"]

                    over "Geo_M3_SideWall"
                    {
                        quatf xformOp:orient = (0.70710677, 0, 0, 0.70710677)
                        float3 xformOp:scale = (1, 1, 1)
                        double3 xformOp:translate = (10.056846005643859, 3.9103244832661233, 0)
                        uniform token[] xformOpOrder = ["xformOp:translate", "xformOp:orient", "xformOp:scale"]

                        over "Geo_M3_SideWall"
                        {
                            over "Section0"
                            {
                            }

                            over "Section1"
                            {
                            }
                        }
                    }
                }

                def "Geo_M3_SideWall_41" (
                    apiSchemas = None
                    prepend payload = @https://omniverse-content-production.s3-us-west-2.amazonaws.com/Assets/Isaac/5.1/Isaac/Environments/Hospital/Props/Geo_M3_SideWall_39.usd@
                )
                {
                    quatf xformOp:orient = (1, 0, 0, 0)
                    float3 xformOp:scale = (1, 1, 1)
                    double3 xformOp:translate = (-12.525215148925781, -15.307943344116211, 2.850831037903845e-7)
                    uniform token[] xformOpOrder = ["xformOp:translate", "xformOp:orient", "xformOp:scale"]

                    over "Geo_M3_SideWall"
                    {
                        quatf xformOp:orient = (0.70710677, 0, 0, 0.70710677)
                        float3 xformOp:scale = (1, 1, 1)
                        double3 xformOp:translate = (10.056846005643859, 6.6711602772515715, 0)
                        uniform token[] xformOpOrder = ["xformOp:translate", "xformOp:orient", "xformOp:scale"]

                        over "Geo_M3_SideWall"
                        {
                            over "Section0"
                            {
                            }

                            over "Section1"
                            {
                            }
                        }
                    }
                }

                def "Geo_M3_SideWall_42" (
                    apiSchemas = None
                    prepend payload = @https://omniverse-content-production.s3-us-west-2.amazonaws.com/Assets/Isaac/5.1/Isaac/Environments/Hospital/Props/Geo_M3_SideWall_39.usd@
                )
                {
                    quatf xformOp:orient = (6.123234e-17, 6.123234e-17, 1, 6.123234e-17)
                    float3 xformOp:scale = (1, 1, 1)
                    double3 xformOp:translate = (-8.505807426186426, -8.300000123679638, 2.729786883426553)
                    uniform token[] xformOpOrder = ["xformOp:translate", "xformOp:orient", "xformOp:scale"]

                    over "Geo_M3_SideWall"
                    {
                        quatf xformOp:orient = (0.70710677, 0, 0, 0.70710677)
                        float3 xformOp:scale = (1, 1, 1)
                        double3 xformOp:translate = (10.056846005643859, 3.9103244832661233, 0)
                        uniform token[] xformOpOrder = ["xformOp:translate", "xformOp:orient", "xformOp:scale"]

                        over "Geo_M3_SideWall"
                        {
                            quatf xformOp:orient = (1, 0, 0, 0)
                            float3 xformOp:scale = (1, 1, 1)
                            double3 xformOp:translate = (-7.031148227166894, 10.014921191979777, -0.26425761343008203)
                            uniform token[] xformOpOrder = ["xformOp:translate", "xformOp:orient", "xformOp:scale"]

                            over "Section0"
                            {
                                quatf xformOp:orient = (1, 0, 0, 0)
                                float3 xformOp:scale = (0.01, 0.01, 0.01)
                                double3 xformOp:translate = (0, 0, 0)
                                uniform token[] xformOpOrder = ["xformOp:translate", "xformOp:orient", "xformOp:scale"]
                            }

                            over "Section1"
                            {
                                quatf xformOp:orient = (1, 0, 0, 0)
                                float3 xformOp:scale = (0.01, 0.01, 0.01)
                                double3 xformOp:translate = (0, 0, 0)
                                uniform token[] xformOpOrder = ["xformOp:translate", "xformOp:orient", "xformOp:scale"]
                            }
                        }
                    }
                }

                def "Geo_M3_SideWall_43" (
                    apiSchemas = None
                    prepend payload = @https://omniverse-content-production.s3-us-west-2.amazonaws.com/Assets/Isaac/5.1/Isaac/Environments/Hospital/Props/Geo_M3_SideWall_39.usd@
                )
                {
                    quatf xformOp:orient = (6.123234e-17, 6.123234e-17, 1, 6.123234e-17)
                    float3 xformOp:scale = (1, 1, 1)
                    double3 xformOp:translate = (-8.505807426186426, -8.300000123679638, 2.729786883426553)
                    uniform token[] xformOpOrder = ["xformOp:translate", "xformOp:orient", "xformOp:scale"]

                    over "Geo_M3_SideWall"
                    {
                        quatf xformOp:orient = (0.70710677, 0, 0, 0.70710677)
                        float3 xformOp:scale = (1, 1, 1)
                        double3 xformOp:translate = (10.056846005643859, 3.9103244832661233, 0)
                        uniform token[] xformOpOrder = ["xformOp:translate", "xformOp:orient", "xformOp:scale"]

                        over "Geo_M3_SideWall"
                        {
                            quatf xformOp:orient = (1, 0, 0, 0)
                            float3 xformOp:scale = (1, 1, 1)
                            double3 xformOp:translate = (-4.268510839393643, 10.014921097419947, -0.2642576134301642)
                            uniform token[] xformOpOrder = ["xformOp:translate", "xformOp:orient", "xformOp:scale"]

                            over "Section0"
                            {
                                quatf xformOp:orient = (1, 0, 0, 0)
                                float3 xformOp:scale = (0.01, 0.01, 0.01)
                                double3 xformOp:translate = (0, 0, 0)
                                uniform token[] xformOpOrder = ["xformOp:translate", "xformOp:orient", "xformOp:scale"]
                            }

                            over "Section1"
                            {
                                quatf xformOp:orient = (1, 0, 0, 0)
                                float3 xformOp:scale = (0.01, 0.01, 0.01)
                                double3 xformOp:translate = (0, 0, 0)
                                uniform token[] xformOpOrder = ["xformOp:translate", "xformOp:orient", "xformOp:scale"]
                            }
                        }
                    }
                }
            }
        }

        def Xform "props"
        {
            double3 xformOp:rotateZYX = (-0, 0, -0)
            double3 xformOp:scale = (1, 1, 1)
            double3 xformOp:translate = (0, 0, 0)
            uniform token[] xformOpOrder = ["xformOp:translate", "xformOp:rotateZYX", "xformOp:scale"]

            def Xform "wall_props"
            {
                double3 xformOp:rotateZYX = (-0, 0, -0)
                double3 xformOp:scale = (1, 1, 1)
                double3 xformOp:translate = (0, 0, 0)
                uniform token[] xformOpOrder = ["xformOp:translate", "xformOp:rotateZYX", "xformOp:scale"]

                def "SM_MedicalCabinet_01a" (
                    prepend payload = @https://omniverse-content-production.s3-us-west-2.amazonaws.com/Assets/Isaac/5.1/Isaac/Environments/Hospital/Props/SM_MedicalCabinet_01a.usd@
                )
                {
                    float3 xformOp:rotateZYX = (0, 0, 90)
                    float3 xformOp:scale = (1, 1, 1)
                    double3 xformOp:translate = (-3.290032303214175, -7.201106301652082, 0)
                    uniform token[] xformOpOrder = ["xformOp:translate", "xformOp:rotateZYX", "xformOp:scale"]

                    over "SM_MedicalCabinet_01a"
                    {
                        float3 xformOp:rotateZYX = (0, 0, 179.58)
                        float3 xformOp:scale = (1, 1, 1)
                        double3 xformOp:translate = (0, 0, 0)
                        uniform token[] xformOpOrder = ["xformOp:translate", "xformOp:rotateZYX", "xformOp:scale"]

                        over "Section0"
                        {
                            float3 xformOp:rotateZYX = (-0, 0, 1.6)
                            float3 xformOp:scale = (0.01, 0.01, 0.01)
                            double3 xformOp:translate = (0, 0, 0)
                            uniform token[] xformOpOrder = ["xformOp:translate", "xformOp:rotateZYX", "xformOp:scale"]
                        }

                        over "Section1"
                        {
                        }
                    }
                }

                def "SM_ShelfSet_01a" (
                    prepend payload = @https://omniverse-content-production.s3-us-west-2.amazonaws.com/Assets/Isaac/5.1/Isaac/Environments/Hospital/Props/SM_ShelfSet_01a.usd@
                )
                {
                    double3 xformOp:rotateZYX = (0, 0, -90.00000134110451)
                    double3 xformOp:scale = (1, 1, 1)
                    double3 xformOp:translate = (-3, -10, 0)
                    uniform token[] xformOpOrder = ["xformOp:translate", "xformOp:rotateZYX", "xformOp:scale"]

                    over "SM_ShelfSet_01a" (
                        prepend apiSchemas = ["MaterialBindingAPI"]
                    )
                    {
                        rel material:binding = </World/Environment/props/room_props/ridgeback_03/Looks/material_white> (
                            bindMaterialAs = "weakerThanDescendants"
                        )

                        over "Section0" (
                            prepend apiSchemas = ["MaterialBindingAPI"]
                        )
                        {
                            rel material:binding = </World/Environment/props/room_props/ridgeback_03/Looks/material_white> (
                                bindMaterialAs = "weakerThanDescendants"
                            )
                            token visibility = "inherited"
                        }

                        over "Section1" (
                            prepend apiSchemas = ["MaterialBindingAPI"]
                        )
                        {
                            rel material:binding = </World/Environment/props/room_props/ridgeback_03/Looks/material_white> (
                                bindMaterialAs = "weakerThanDescendants"
                            )
                        }
                    }
                }

                def "SM_TrashCan" (
                    prepend payload = @https://omniverse-content-production.s3-us-west-2.amazonaws.com/Assets/Isaac/5.1/Isaac/Environments/Hospital/Props/SM_TrashCan.usd@
                )
                {
                    float3 xformOp:rotateZYX = (0, 0, 0)
                    float3 xformOp:scale = (1, 1, 1)
                    double3 xformOp:translate = (-8.053406529221771, -10.955581664655616, -7.210921637579304e-8)
                    uniform token[] xformOpOrder = ["xformOp:translate", "xformOp:rotateZYX", "xformOp:scale"]

                    over "SM_TrashCan"
                    {
                    }
                }

                def "SM_Plant01" (
                    prepend payload = @https://omniverse-content-production.s3-us-west-2.amazonaws.com/Assets/Isaac/5.1/Isaac/Environments/Office/Props/SM_Plant01.usd@
                )
                {
                    float3 xformOp:rotateZYX = (0, 0, 0)
                    float3 xformOp:scale = (1, 1, 1)
                    double3 xformOp:translate = (-2.9546584780523033, -8.603512635749563, 4.047279560381867e-7)
                    uniform token[] xformOpOrder = ["xformOp:translate", "xformOp:rotateZYX", "xformOp:scale"]

                    over "SM_Plant01"
                    {
                    }
                }

                def "SM_Plant02" (
                    prepend payload = @https://omniverse-content-production.s3-us-west-2.amazonaws.com/Assets/Isaac/5.1/Isaac/Environments/Office/Props/SM_Plant02.usd@
                )
                {
                    float3 xformOp:rotateZYX = (0, 0, 0)
                    float3 xformOp:scale = (1, 1, 1)
                    double3 xformOp:translate = (-4.323690152564135, -10.757012225903427, -7.210921637579304e-8)
                    uniform token[] xformOpOrder = ["xformOp:translate", "xformOp:rotateZYX", "xformOp:scale"]

                    over "SM_Plant02"
                    {
                    }
                }

                def "SM_SupplyCabinet_01c" (
                    prepend payload = @https://omniverse-content-production.s3-us-west-2.amazonaws.com/Assets/Isaac/5.1/Isaac/Environments/Hospital/Props/SM_SupplyCabinet_01c.usd@
                )
                {
                    float3 xformOp:rotateZYX = (0, 0, 90)
                    float3 xformOp:scale = (1, 1, 1)
                    double3 xformOp:translate = (-5.784552039286355, -10.751867077772985, 4.047279560381867e-7)
                    uniform token[] xformOpOrder = ["xformOp:translate", "xformOp:rotateZYX", "xformOp:scale"]

                    over "SM_SupplyCabinet_01c"
                    {
                        over "Section0"
                        {
                        }

                        over "Section1"
                        {
                        }
                    }
                }

                def "SM_SupplyCart_02a" (
                    prepend payload = @https://omniverse-content-production.s3-us-west-2.amazonaws.com/Assets/Isaac/5.1/Isaac/Environments/Hospital/Props/SM_SupplyCart_02a.usd@
                )
                {
                    float3 xformOp:rotateZYX = (0, 0, 0)
                    float3 xformOp:scale = (1, 1, 1)
                    double3 xformOp:translate = (-7.199935268415973, -10.75254424037804, -5.489463887897728e-7)
                    uniform token[] xformOpOrder = ["xformOp:translate", "xformOp:rotateZYX", "xformOp:scale"]

                    over "SM_SupplyCart_02a"
                    {
                    }
                }

                def "SM_SupplyCart_03a" (
                    prepend payload = @https://omniverse-content-production.s3-us-west-2.amazonaws.com/Assets/Isaac/5.1/Isaac/Environments/Hospital/Props/SM_SupplyCart_03a.usd@
                )
                {
                    float3 xformOp:rotateZYX = (0, 0, 0)
                    float3 xformOp:scale = (1, 1, 1)
                    double3 xformOp:translate = (-2.894842257964008, -6.352327469148051, -7.210921637579304e-8)
                    uniform token[] xformOpOrder = ["xformOp:translate", "xformOp:rotateZYX", "xformOp:scale"]

                    over "SM_SupplyCart_03a"
                    {
                    }
                }
            }

            def Xform "room_props"
            {
                double3 xformOp:rotateZYX = (-0, 0, -0)
                double3 xformOp:scale = (1, 1, 1)
                double3 xformOp:translate = (0, 0, 0)
                uniform token[] xformOpOrder = ["xformOp:translate", "xformOp:rotateZYX", "xformOp:scale"]

                def "ridgeback_03" (
                    active = false
                    prepend payload = @https://omniverse-content-production.s3-us-west-2.amazonaws.com/Assets/Isaac/5.1/Isaac/Robots/Clearpath/RidgebackUr/ridgeback_ur5.usd@
                )
                {
                    string isaac:namespace (
                        displayName = "Namespace"
                        doc = "Namespace of the prim in Isaac Sim"
                    )
                    quatd xformOp:orient = (0.9497723385283914, 0, 0, -0.31294169579381825)
                    double3 xformOp:scale = (1, 1, 1)
                    double3 xformOp:translate = (-6.069086273791659, -5.935924879665098, 0.03282233925902878)
                    uniform token[] xformOpOrder = ["xformOp:translate", "xformOp:orient", "xformOp:scale"]

                    over "world"
                    {
                        string isaac:nameOverride (
                            displayName = "Name Override"
                            doc = "Name override for prim lookup in base name search"
                        )

                        over "dummy_base_prismatic_x_joint"
                        {
                            float state:linear:physics:position = -0.0044084215
                            float state:linear:physics:velocity = 0.0021169658
                        }
                    }

                    over "dummy_base_x"
                    {
                        string isaac:nameOverride (
                            displayName = "Name Override"
                            doc = "Name override for prim lookup in base name search"
                        )

                        over "dummy_base_prismatic_y_joint"
                        {
                            float state:linear:physics:position = -0.00020073523
                            float state:linear:physics:velocity = 0.00019993554
                        }
                    }

                    over "dummy_base_y"
                    {
                        string isaac:nameOverride (
                            displayName = "Name Override"
                            doc = "Name override for prim lookup in base name search"
                        )

                        over "dummy_base_revolute_z_joint"
                        {
                            float state:angular:physics:position = 0.003920415
                            float state:angular:physics:velocity = 0.0071505927
                        }
                    }

                    over "base_link"
                    {
                        string isaac:nameOverride (
                            displayName = "Name Override"
                            doc = "Name override for prim lookup in base name search"
                        )

                        over "ur_arm_shoulder_pan_joint"
                        {
                            float state:angular:physics:position = -0.00064227876
                            float state:angular:physics:velocity = -0.94558966
                        }

                        over "visuals"
                        {
                            over "mesh_15"
                            {
                                token visibility = "invisible"
                            }
                        }
                    }

                    over "ur_arm_shoulder_link" (
                        active = false
                    )
                    {
                        string isaac:nameOverride (
                            displayName = "Name Override"
                            doc = "Name override for prim lookup in base name search"
                        )

                        over "ur_arm_shoulder_lift_joint"
                        {
                            float state:angular:physics:position = -74.42096
                            float state:angular:physics:velocity = -4.413627
                        }
                    }

                    over "ur_arm_upper_arm_link" (
                        active = false
                    )
                    {
                        over "ur_arm_elbow_joint"
                        {
                            float state:angular:physics:position = 75.325584
                            float state:angular:physics:velocity = -5.6765985
                        }
                    }

                    over "ur_arm_forearm_link" (
                        active = false
                    )
                    {
                        over "ur_arm_wrist_1_joint"
                        {
                            float state:angular:physics:position = 0.0023828656
                            float state:angular:physics:velocity = -0.23567669
                        }
                    }

                    over "ur_arm_wrist_1_link" (
                        active = false
                    )
                    {
                        over "ur_arm_wrist_2_joint"
                        {
                            float state:angular:physics:position = 89.99982
                            float state:angular:physics:velocity = -0.007369917
                        }
                    }

                    over "ur_arm_wrist_2_link" (
                        active = false
                    )
                    {
                        over "ur_arm_wrist_3_joint"
                        {
                            float state:angular:physics:position = -1.5443279e-8
                            float state:angular:physics:velocity = -0.0000022849083
                        }
                    }

                    over "ur_arm_wrist_3_link" (
                        active = false
                    )
                    {
                    }

                    over "SM_CratePlastic_D_01_47"
                    {
                        over "SM_CratePlastic_D_01"
                        {
                            quatf xformOp:orient = (1, 0, 0, 0)
                            float3 xformOp:scale = (0.01, 0.01, 0.01)
                            double3 xformOp:translate = (-5.553858878105149, -28.117252042763738, 1.4744227566600316)
                            uniform token[] xformOpOrder = ["xformOp:translate", "xformOp:orient", "xformOp:scale"]
                        }
                    }

                    def Xform "SM_CratePlastic_D_01_48" (
                        instanceable = false
                        kind = "group"
                        prepend references = @https://omniverse-content-production.s3-us-west-2.amazonaws.com/Assets/Isaac/5.1/Isaac/Environments/Simple_Warehouse/Props/SM_CratePlastic_D_01.usd@
                    )
                    {
                        quatd xformOp:orient = (1, 0, 0, 0)
                        double3 xformOp:scale = (1, 1, 1)
                        double3 xformOp:translate = (-0.202296669567815, -0.038529999215626276, 0.2809297750914123)
                        uniform token[] xformOpOrder = ["xformOp:translate", "xformOp:orient", "xformOp:scale"]

                        over "SM_CratePlastic_D_01" (
                            prepend apiSchemas = ["MaterialBindingAPI"]
                        )
                        {
                            rel material:binding = None (
                                bindMaterialAs = "weakerThanDescendants"
                            )
                            uchar[] physxCookedData:triangleMesh:buffer = [7, 2, 38, 216, 9, 121, 151, 127, 66, 147, 15, 154, 97, 158, 6, 68, 89, 78, 88, 83, 1, 77, 69, 83, 72, 16, 0, 0, 0, 1, 0, 0, 0, 183, 1, 0, 0, 232, 0, 0, 0, 124, 1, 0, 0, 103, 87, 175, 65, 240, 30, 218, 65, 194, 225, 139, 65, 197, 175, 160, 65, 240, 30, 218, 65, 194, 225, 139, 65, 103, 87, 175, 65, 78, 193, 204, 65, 194, 225, 139, 65, 197, 175, 160, 65, 77, 193, 204, 65, 195, 225, 139, 65, 165, 213, 171, 65, 242, 168, 200, 65, 0, 0, 128, 182, 16, 121, 157, 65, 242, 168, 200, 65, 0, 0, 128, 182, 165, 213, 171, 65, 39, 194, 213, 65, 0, 0, 128, 182, 16, 121, 157, 65, 39, 194, 213, 65, 0, 0, 128, 182, 120, 4, 192, 64, 228, 185, 3, 66, 194, 225, 139, 65, 241, 141, 138, 64, 228, 185, 3, 66, 194, 225, 139, 65, 250, 141, 138, 64, 30, 218, 244, 65, 196, 225, 139, 65, 136, 4, 192, 64, 30, 218, 244, 65, 196, 225, 139, 65, 134, 200, 135, 64, 118, 244, 239, 65, 0, 0, 128, 182, 87, 45, 188, 64, 113, 23, 1, 66, 0, 0, 128, 182, 92, 45, 188, 64, 118, 244, 239, 65, 0, 0, 128, 182, 134, 200, 135, 64, 113, 23, 1, 66, 0, 0, 128, 182, 22, 166, 130, 65, 228, 185, 3, 66, 194, 225, 139, 65, 233, 144, 106, 65, 228, 185, 3, 66, 194, 225, 139, 65, 238, 144, 106, 65, 37, 218, 244, 65, 196, 225, 139, 65, 30, 166, 130, 65, 37, 218, 244, 65, 196, 225, 139, 65, 243, 223, 101, 65, 121, 244, 239, 65, 0, 0, 128, 182, 43, 9, 128, 65, 115, 23, 1, 66, 0, 0, 128, 182, 48, 9, 128, 65, 121, 244, 239, 65, 0, 0, 128, 182, 237, 223, 101, 65, 115, 23, 1, 66, 0, 0, 128, 182, 99, 87, 175, 65, 103, 3, 199, 64, 193, 225, 139, 65, 202, 175, 160, 65, 216, 140, 145, 64, 194, 225, 139, 65, 99, 87, 175, 65, 215, 140, 145, 64, 193, 225, 139, 65, 202, 175, 160, 65, 104, 3, 199, 64, 194, 225, 139, 65, 164, 213, 171, 65, 144, 163, 142, 64, 0, 0, 128, 182, 18, 121, 157, 65, 112, 8, 195, 64, 0, 0, 128, 182, 164, 213, 171, 65, 112, 8, 195, 64, 0, 0, 128, 182, 16, 121, 157, 65, 144, 163, 142, 64, 0, 0, 128, 182, 102, 87, 175, 65, 112, 64, 134, 65, 194, 225, 139, 65, 198, 175, 160, 65, 112, 64, 134, 65, 194, 225, 139, 65, 102, 87, 175, 65, 152, 197, 113, 65, 194, 225, 139, 65, 198, 175, 160, 65, 152, 197, 113, 65, 194, 225, 139, 65, 164, 213, 171, 65, 179, 239, 108, 65, 0, 0, 128, 182, 17, 121, 157, 65, 15, 145, 131, 65, 0, 0, 128, 182, 164, 213, 171, 65, 16, 145, 131, 65, 0, 0, 128, 182, 16, 121, 157, 65, 179, 239, 108, 65, 0, 0, 128, 182, 196, 175, 160, 65, 87, 193, 204, 193, 194, 225, 139, 65, 99, 87, 175, 65, 250, 30, 218, 193, 194, 225, 139, 65, 99, 87, 175, 65, 87, 193, 204, 193, 194, 225, 139, 65, 193, 175, 160, 65, 250, 30, 218, 193, 194, 225, 139, 65, 161, 213, 171, 65, 48, 194, 213, 193, 0, 0, 128, 182, 12, 121, 157, 65, 48, 194, 213, 193, 0, 0, 128, 182, 12, 121, 157, 65, 251, 168, 200, 193, 0, 0, 128, 182, 161, 213, 171, 65, 251, 168, 200, 193, 0, 0, 128, 182, 115, 4, 192, 64, 37, 218, 244, 193, 196, 225, 139, 65, 217, 141, 138, 64, 229, 185, 3, 194, 194, 225, 139, 65, 104, 4, 192, 64, 228, 185, 3, 194, 194, 225, 139, 65, 228, 141, 138, 64, 30, 218, 244, 193, 196, 225, 139, 65, 114, 200, 135, 64, 115, 23, 1, 194, 0, 0, 128, 182, 76, 45, 188, 64, 126, 244, 239, 193, 0, 0, 128, 182, 65, 45, 188, 64, 117, 23, 1, 194, 0, 0, 128, 182, 120, 200, 135, 64, 123, 244, 239, 193, 0, 0, 128, 182, 22, 166, 130, 65, 43, 218, 244, 193, 196, 225, 139, 65, 228, 144, 106, 65, 43, 218, 244, 193, 196, 225, 139, 65, 17, 166, 130, 65, 229, 185, 3, 194, 194, 225, 139, 65, 223, 144, 106, 65, 232, 185, 3, 194, 194, 225, 139, 65, 38, 9, 128, 65, 119, 23, 1, 194, 0, 0, 128, 182, 233, 223, 101, 65, 132, 244, 239, 193, 0, 0, 128, 182, 41, 9, 128, 65, 129, 244, 239, 193, 0, 0, 128, 182, 223, 223, 101, 65, 119, 23, 1, 194, 0, 0, 128, 182, 99, 87, 175, 65, 253, 140, 145, 192, 193, 225, 139, 65, 197, 175, 160, 65, 253, 140, 145, 192, 194, 225, 139, 65, 202, 175, 160, 65, 151, 3, 199, 192, 194, 225, 139, 65, 99, 87, 175, 65, 152, 3, 199, 192, 193, 225, 139, 65, 16, 121, 157, 65, 137, 8, 195, 192, 0, 0, 128, 182, 163, 213, 171, 65, 191, 163, 142, 192, 0, 0, 128, 182, 163, 213, 171, 65, 137, 8, 195, 192, 0, 0, 128, 182, 14, 121, 157, 65, 191, 163, 142, 192, 0, 0, 128, 182, 99, 87, 175, 65, 172, 197, 113, 193, 194, 225, 139, 65, 197, 175, 160, 65, 172, 197, 113, 193, 194, 225, 139, 65, 197, 175, 160, 65, 121, 64, 134, 193, 194, 225, 139, 65, 99, 87, 175, 65, 121, 64, 134, 193, 194, 225, 139, 65, 15, 121, 157, 65, 24, 145, 131, 193, 0, 0, 128, 182, 162, 213, 171, 65, 197, 239, 108, 193, 0, 0, 128, 182, 162, 213, 171, 65, 24, 145, 131, 193, 0, 0, 128, 182, 13, 121, 157, 65, 197, 239, 108, 193, 0, 0, 128, 182, 217, 87, 175, 193, 245, 30, 218, 65, 194, 225, 139, 65, 217, 87, 175, 193, 82, 193, 204, 65, 194, 225, 139, 65, 60, 176, 160, 193, 245, 30, 218, 65, 193, 225, 139, 65, 60, 176, 160, 193, 80, 193, 204, 65, 195, 225, 139, 65, 25, 214, 171, 193, 41, 194, 213, 65, 0, 0, 128, 182, 131, 121, 157, 193, 244, 168, 200, 65, 0, 0, 128, 182, 25, 214, 171, 193, 244, 168, 200, 65, 0, 0, 128, 182, 131, 121, 157, 193, 41, 194, 213, 65, 0, 0, 128, 182, 75, 6, 192, 192, 228, 185, 3, 66, 194, 225, 139, 65, 204, 143, 138, 192, 30, 218, 244, 65, 196, 225, 139, 65, 194, 143, 138, 192, 228, 185, 3, 66, 194, 225, 139, 65, 86, 6, 192, 192, 30, 218, 244, 65, 196, 225, 139, 65, 84, 202, 135, 192, 116, 244, 239, 65, 0, 0, 128, 182, 41, 47, 188, 192, 116, 244, 239, 65, 0, 0, 128, 182, 83, 202, 135, 192, 112, 23, 1, 66, 0, 0, 128, 182, 38, 47, 188, 192, 113, 23, 1, 66, 0, 0, 128, 182, 140, 166, 130, 193, 228, 185, 3, 66, 195, 225, 139, 65, 215, 145, 106, 193, 38, 218, 244, 65, 196, 225, 139, 65, 210, 145, 106, 193, 228, 185, 3, 66, 194, 225, 139, 65, 145, 166, 130, 193, 38, 218, 244, 65, 196, 225, 139, 65, 214, 224, 101, 193, 123, 244, 239, 65, 0, 0, 128, 182, 157, 9, 128, 193, 115, 23, 1, 66, 0, 0, 128, 182, 210, 224, 101, 193, 115, 23, 1, 66, 0, 0, 128, 182, 161, 9, 128, 193, 123, 244, 239, 65, 0, 0, 128, 182, 222, 87, 175, 193, 119, 3, 199, 64, 193, 225, 139, 65, 65, 176, 160, 193, 238, 140, 145, 64, 194, 225, 139, 65, 65, 176, 160, 193, 123, 3, 199, 64, 195, 225, 139, 65, 222, 87, 175, 193, 230, 140, 145, 64, 193, 225, 139, 65, 28, 214, 171, 193, 158, 163, 142, 64, 0, 0, 128, 182, 28, 214, 171, 193, 120, 8, 195, 64, 0, 0, 128, 182, 135, 121, 157, 193, 158, 163, 142, 64, 0, 0, 128, 182, 135, 121, 157, 193, 120, 8, 195, 64, 0, 0, 128, 182, 221, 87, 175, 193, 116, 64, 134, 65, 194, 225, 139, 65, 221, 87, 175, 193, 157, 197, 113, 65, 194, 225, 139, 65, 63, 176, 160, 193, 116, 64, 134, 65, 194, 225, 139, 65, 63, 176, 160, 193, 157, 197, 113, 65, 194, 225, 139, 65, 26, 214, 171, 193, 182, 239, 108, 65, 0, 0, 128, 182, 133, 121, 157, 193, 18, 145, 131, 65, 0, 0, 128, 182, 132, 121, 157, 193, 181, 239, 108, 65, 0, 0, 128, 182, 26, 214, 171, 193, 19, 145, 131, 65, 0, 0, 128, 182, 225, 87, 175, 193, 85, 193, 204, 193, 194, 225, 139, 65, 65, 176, 160, 193, 240, 30, 218, 193, 193, 225, 139, 65, 65, 176, 160, 193, 85, 193, 204, 193, 194, 225, 139, 65, 225, 87, 175, 193, 250, 30, 218, 193, 194, 225, 139, 65, 135, 121, 157, 193, 46, 194, 213, 193, 0, 0, 128, 182, 30, 214, 171, 193, 251, 168, 200, 193, 0, 0, 128, 182, 135, 121, 157, 193, 251, 168, 200, 193, 0, 0, 128, 182, 30, 214, 171, 193, 48, 194, 213, 193, 0, 0, 128, 182, 108, 6, 192, 192, 37, 218, 244, 193, 196, 225, 139, 65, 217, 143, 138, 192, 229, 185, 3, 194, 194, 225, 139, 65, 226, 143, 138, 192, 30, 218, 244, 193, 196, 225, 139, 65, 99, 6, 192, 192, 228, 185, 3, 194, 194, 225, 139, 65, 105, 202, 135, 192, 115, 23, 1, 194, 0, 0, 128, 182, 57, 47, 188, 192, 117, 23, 1, 194, 0, 0, 128, 182, 59, 47, 188, 192, 126, 244, 239, 193, 0, 0, 128, 182, 105, 202, 135, 192, 126, 244, 239, 193, 0, 0, 128, 182, 150, 166, 130, 193, 38, 218, 244, 193, 196, 225, 139, 65, 145, 166, 130, 193, 229, 185, 3, 194, 195, 225, 139, 65, 228, 145, 106, 193, 38, 218, 244, 193, 196, 225, 139, 65, 223, 145, 106, 193, 229, 185, 3, 194, 194, 225, 139, 65, 222, 224, 101, 193, 117, 23, 1, 194, 0, 0, 128, 182, 163, 9, 128, 193, 119, 23, 1, 194, 0, 0, 128, 182, 166, 9, 128, 193, 129, 244, 239, 193, 0, 0, 128, 182, 223, 224, 101, 193, 129, 244, 239, 193, 0, 0, 128, 182, 222, 87, 175, 193, 239, 140, 145, 192, 193, 225, 139, 65, 68, 176, 160, 193, 137, 3, 199, 192, 194, 225, 139, 65, 65, 176, 160, 193, 239, 140, 145, 192, 194, 225, 139, 65, 222, 87, 175, 193, 136, 3, 199, 192, 193, 225, 139, 65, 137, 121, 157, 193, 129, 8, 195, 192, 0, 0, 128, 182, 30, 214, 171, 193, 181, 163, 142, 192, 0, 0, 128, 182, 135, 121, 157, 193, 182, 163, 142, 192, 0, 0, 128, 182, 30, 214, 171, 193, 139, 8, 195, 192, 0, 0, 128, 182, 222, 87, 175, 193, 162, 197, 113, 193, 194, 225, 139, 65, 65, 176, 160, 193, 113, 64, 134, 193, 194, 225, 139, 65, 65, 176, 160, 193, 162, 197, 113, 193, 194, 225, 139, 65, 222, 87, 175, 193, 116, 64, 134, 193, 194, 225, 139, 65, 137, 121, 157, 193, 24, 145, 131, 193, 0, 0, 128, 182, 29, 214, 171, 193, 191, 239, 108, 193, 0, 0, 128, 182, 135, 121, 157, 193, 191, 239, 108, 193, 0, 0, 128, 182, 29, 214, 171, 193, 23, 145, 131, 193, 0, 0, 128, 182, 39, 19, 175, 65, 52, 80, 249, 193, 192, 116, 150, 65, 47, 19, 175, 65, 47, 80, 249, 65, 192, 116, 150, 65, 47, 19, 175, 65, 47, 80, 249, 65, 46, 1, 135, 65, 39, 19, 175, 65, 52, 80, 249, 193, 46, 1, 135, 65, 244, 74, 164, 65, 55, 12, 2, 194, 192, 116, 150, 65, 244, 74, 164, 65, 55, 12, 2, 194, 46, 1, 135, 65, 116, 75, 164, 193, 55, 12, 2, 194, 192, 116, 150, 65, 116, 75, 164, 193, 55, 12, 2, 194, 46, 1, 135, 65, 167, 19, 175, 193, 52, 80, 249, 193, 46, 1, 135, 65, 167, 19, 175, 193, 52, 80, 249, 193, 192, 116, 150, 65, 182, 213, 154, 193, 188, 48, 251, 193, 48, 1, 135, 65, 210, 61, 163, 193, 131, 116, 235, 193, 204, 251, 86, 63, 249, 61, 166, 193, 125, 200, 239, 193, 46, 1, 135, 65, 68, 10, 152, 193, 14, 168, 246, 193, 204, 251, 86, 63, 54, 213, 154, 65, 188, 48, 251, 193, 46, 1, 135, 65, 197, 9, 152, 65, 12, 168, 246, 193, 204, 251, 86, 63, 83, 61, 163, 65, 134, 116, 235, 193, 204, 251, 86, 63, 121, 61, 166, 65, 125, 200, 239, 193, 46, 1, 135, 65, 126, 61, 166, 65, 117, 200, 239, 65, 46, 1, 135, 65, 88, 61, 163, 65, 126, 116, 235, 65, 204, 251, 86, 63, 58, 213, 154, 65, 183, 48, 251, 65, 46, 1, 135, 65, 202, 9, 152, 65, 7, 168, 246, 65, 204, 251, 86, 63, 63, 10, 152, 193, 9, 168, 246, 65, 204, 251, 86, 63, 177, 213, 154, 193, 183, 48, 251, 65, 46, 1, 135, 65, 203, 61, 163, 193, 127, 116, 235, 65, 204, 251, 86, 63, 245, 61, 166, 193, 122, 200, 239, 65, 46, 1, 135, 65, 250, 74, 164, 65, 51, 12, 2, 66, 192, 116, 150, 65, 250, 74, 164, 65, 51, 12, 2, 66, 46, 1, 135, 65, 111, 75, 164, 193, 55, 12, 2, 66, 46, 1, 135, 65, 111, 75, 164, 193, 55, 12, 2, 66, 192, 116, 150, 65, 162, 19, 175, 193, 47, 80, 249, 65, 46, 1, 135, 65, 162, 19, 175, 193, 47, 80, 249, 65, 192, 116, 150, 65, 72, 199, 169, 65, 222, 32, 241, 65, 173, 219, 130, 65, 134, 136, 153, 65, 144, 66, 250, 65, 241, 200, 95, 63, 239, 60, 156, 65, 56, 171, 254, 65, 173, 219, 130, 65, 218, 214, 166, 65, 58, 244, 236, 65, 218, 202, 95, 63, 134, 114, 150, 65, 149, 244, 242, 65, 0, 0, 128, 182, 171, 162, 159, 65, 111, 196, 233, 65, 0, 0, 128, 182, 67, 199, 169, 65, 232, 32, 241, 193, 173, 219, 130, 65, 165, 162, 159, 65, 120, 196, 233, 193, 0, 0, 128, 182, 213, 214, 166, 65, 70, 244, 236, 193, 218, 202, 95, 63, 233, 60, 156, 65, 63, 171, 254, 193, 173, 219, 130, 65, 130, 114, 150, 65, 155, 244, 242, 193, 0, 0, 128, 182, 128, 136, 153, 65, 151, 66, 250, 193, 241, 200, 95, 63, 252, 136, 153, 193, 151, 66, 250, 193, 241, 200, 95, 63, 105, 61, 156, 193, 63, 171, 254, 193, 173, 219, 130, 65, 254, 114, 150, 193, 155, 244, 242, 193, 0, 0, 128, 182, 125, 66, 166, 193, 116, 107, 4, 194, 192, 116, 150, 65, 36, 210, 179, 193, 65, 71, 251, 193, 173, 219, 130, 65, 125, 66, 166, 193, 116, 107, 4, 194, 173, 219, 130, 65, 36, 210, 179, 193, 65, 71, 251, 193, 192, 116, 150, 65, 31, 210, 179, 193, 65, 71, 251, 65, 173, 219, 130, 65, 31, 210, 179, 193, 65, 71, 251, 65, 192, 116, 150, 65, 120, 66, 166, 193, 115, 107, 4, 66, 192, 116, 150, 65, 120, 66, 166, 193, 115, 107, 4, 66, 173, 219, 130, 65, 2, 66, 166, 65, 115, 107, 4, 66, 173, 219, 130, 65, 2, 66, 166, 65, 115, 107, 4, 66, 192, 116, 150, 65, 249, 114, 150, 193, 151, 244, 242, 65, 0, 0, 128, 182, 29, 163, 159, 193, 112, 196, 233, 65, 0, 0, 128, 182, 35, 163, 159, 193, 119, 196, 233, 193, 0, 0, 128, 182, 169, 209, 179, 65, 60, 71, 251, 65, 173, 219, 130, 65, 169, 209, 179, 65, 60, 71, 251, 65, 192, 116, 150, 65, 164, 209, 179, 65, 70, 71, 251, 193, 192, 116, 150, 65, 164, 209, 179, 65, 70, 71, 251, 193, 173, 219, 130, 65, 253, 65, 166, 65, 119, 107, 4, 194, 192, 116, 150, 65, 253, 65, 166, 65, 119, 107, 4, 194, 173, 219, 130, 65, 194, 199, 169, 193, 227, 32, 241, 193, 173, 219, 130, 65, 83, 215, 166, 193, 66, 244, 236, 193, 218, 202, 95, 63, 78, 215, 166, 193, 60, 244, 236, 65, 218, 202, 95, 63, 189, 199, 169, 193, 227, 32, 241, 65, 173, 219, 130, 65, 101, 61, 156, 193, 56, 171, 254, 65, 173, 219, 130, 65, 248, 136, 153, 193, 144, 66, 250, 65, 241, 200, 95, 63, 186, 162, 161, 162, 186, 187, 216, 220, 215, 221, 220, 216, 186, 221, 216, 221, 186, 161, 180, 162, 187, 194, 220, 192, 220, 194, 215, 162, 180, 178, 1, 3, 2, 0, 1, 2, 21, 16, 19, 19, 22, 21, 180, 179, 178, 179, 180, 181, 192, 193, 194, 193, 192, 195, 1, 7, 3, 7, 5, 3, 3, 5, 4, 4, 2, 3, 6, 2, 4, 2, 6, 0, 6, 1, 0, 1, 6, 7, 193, 195, 196, 196, 195, 197, 4, 5, 6, 5, 7, 6, 16, 17, 18, 16, 18, 19, 8, 9, 10, 8, 10, 11, 230, 215, 194, 23, 18, 17, 18, 22, 19, 22, 18, 20, 17, 21, 23, 16, 21, 17, 18, 23, 20, 21, 20, 23, 20, 21, 22, 14, 10, 12, 10, 15, 12, 15, 10, 9, 9, 13, 15, 8, 13, 9, 13, 8, 11, 11, 14, 13, 10, 14, 11, 13, 12, 15, 12, 13, 14, 32, 33, 34, 33, 35, 34, 36, 37, 38, 37, 36, 39, 35, 39, 36, 36, 34, 35, 38, 34, 36, 34, 38, 32, 38, 33, 32, 33, 38, 37, 33, 37, 35, 35, 37, 39, 24, 25, 26, 25, 24, 27, 160, 221, 161, 222, 220, 221, 221, 160, 222, 220, 222, 223, 160, 161, 162, 160, 162, 163, 178, 163, 162, 223, 192, 220, 30, 26, 28, 26, 30, 24, 30, 27, 24, 27, 30, 29, 25, 29, 31, 27, 29, 25, 28, 26, 25, 198, 195, 192, 179, 176, 178, 25, 31, 28, 177, 178, 176, 28, 29, 30, 29, 28, 31, 199, 195, 200, 195, 199, 197, 197, 202, 196, 181, 175, 179, 186, 188, 187, 186, 189, 188, 213, 215, 214, 213, 216, 215, 216, 213, 189, 216, 189, 186, 188, 180, 187, 180, 188, 183, 214, 215, 230, 89, 88, 91, 88, 89, 90, 194, 231, 230, 231, 194, 193, 180, 182, 181, 180, 183, 182, 94, 89, 92, 89, 94, 90, 89, 93, 92, 93, 89, 91, 95, 90, 94, 90, 95, 88, 88, 95, 91, 91, 95, 93, 196, 231, 193, 184, 181, 182, 231, 196, 217, 93, 95, 94, 92, 93, 94, 96, 97, 98, 97, 96, 99, 189, 190, 188, 189, 191, 190, 191, 189, 212, 212, 213, 211, 213, 212, 189, 213, 214, 211, 190, 183, 188, 183, 190, 185, 80, 81, 82, 82, 81, 83, 230, 211, 214, 211, 230, 229, 96, 101, 99, 101, 98, 102, 97, 102, 98, 98, 101, 96, 99, 101, 103, 102, 97, 100, 97, 103, 100, 103, 97, 99, 183, 184, 182, 185, 184, 183, 228, 229, 230, 230, 231, 228, 87, 83, 85, 81, 84, 86, 82, 84, 80, 83, 86, 85, 83, 87, 82, 84, 81, 80, 84, 82, 87, 81, 86, 83, 100, 101, 102, 101, 100, 103, 228, 217, 218, 217, 228, 231, 84, 85, 86, 85, 84, 87, 112, 113, 114, 114, 113, 115, 116, 117, 118, 117, 116, 119, 115, 116, 118, 113, 116, 115, 113, 119, 116, 115, 117, 114, 117, 115, 118, 119, 113, 112, 114, 119, 112, 119, 114, 117, 104, 105, 106, 105, 104, 107, 210, 211, 208, 212, 210, 191, 210, 212, 211, 191, 169, 190, 190, 172, 185, 190, 168, 172, 168, 190, 169, 211, 226, 208, 226, 211, 229, 181, 184, 175, 202, 218, 217, 217, 196, 202, 172, 184, 185, 105, 111, 106, 111, 105, 110, 226, 229, 228, 107, 109, 108, 109, 107, 104, 106, 109, 104, 105, 108, 110, 109, 106, 111, 107, 108, 105, 218, 227, 228, 110, 109, 111, 108, 109, 110, 64, 65, 66, 64, 66, 67, 163, 178, 177, 192, 223, 198, 65, 68, 66, 68, 65, 71, 70, 66, 68, 195, 198, 200, 65, 69, 71, 64, 69, 65, 64, 70, 69, 70, 64, 67, 66, 70, 67, 69, 68, 71, 68, 69, 70, 202, 197, 199, 179, 175, 176, 72, 73, 74, 72, 74, 75, 72, 78, 77, 73, 76, 74, 76, 73, 79, 78, 72, 75, 73, 77, 79, 72, 77, 73, 74, 78, 75, 78, 74, 76, 76, 77, 78, 77, 76, 79, 164, 160, 163, 164, 163, 165, 164, 222, 160, 222, 224, 223, 224, 222, 164, 224, 225, 223, 174, 163, 177, 163, 174, 165, 40, 41, 42, 223, 201, 198, 201, 223, 225, 41, 40, 43, 56, 57, 58, 57, 59, 58, 40, 47, 46, 42, 47, 40, 42, 44, 47, 44, 42, 41, 43, 44, 41, 44, 43, 45, 40, 45, 43, 45, 40, 46, 200, 198, 201, 201, 203, 200, 174, 176, 175, 177, 176, 174, 62, 57, 56, 56, 60, 62, 63, 57, 61, 57, 62, 61, 60, 59, 63, 59, 60, 58, 57, 63, 59, 58, 60, 56, 44, 46, 47, 44, 45, 46, 202, 200, 203, 200, 202, 199, 60, 61, 62, 61, 60, 63, 48, 49, 50, 49, 48, 51, 166, 224, 164, 224, 209, 225, 224, 166, 207, 170, 165, 174, 165, 170, 167, 224, 207, 209, 166, 164, 165, 225, 205, 201, 166, 165, 167, 205, 225, 209, 48, 54, 53, 51, 52, 49, 201, 204, 203, 54, 49, 52, 51, 53, 55, 53, 51, 48, 49, 54, 50, 50, 54, 48, 52, 51, 55, 174, 173, 170, 173, 174, 175, 201, 205, 204, 53, 52, 55, 203, 204, 202, 52, 53, 54, 175, 184, 171, 218, 202, 219, 144, 145, 146, 145, 144, 147, 191, 210, 169, 145, 151, 148, 184, 172, 171, 146, 150, 149, 149, 144, 146, 145, 148, 146, 146, 148, 150, 151, 144, 149, 144, 151, 147, 151, 145, 147, 226, 228, 227, 227, 218, 219, 148, 149, 150, 149, 148, 151, 152, 153, 154, 153, 152, 155, 159, 152, 157, 152, 159, 155, 159, 153, 155, 153, 159, 156, 153, 156, 154, 154, 156, 158, 154, 158, 157, 156, 157, 158, 157, 152, 154, 157, 156, 159, 128, 129, 130, 129, 128, 131, 130, 134, 128, 134, 130, 135, 130, 132, 135, 132, 130, 129, 129, 133, 132, 131, 133, 129, 133, 131, 128, 128, 134, 133, 139, 141, 140, 142, 138, 143, 138, 140, 143, 140, 138, 139, 219, 202, 206, 202, 204, 206, 132, 133, 134, 132, 134, 135, 175, 171, 173, 140, 142, 143, 140, 141, 142, 136, 137, 138, 138, 137, 139, 166, 168, 169, 168, 170, 172, 170, 168, 167, 210, 207, 166, 120, 121, 122, 121, 120, 123, 208, 205, 209, 210, 208, 207, 205, 208, 226, 168, 166, 167, 210, 166, 169, 207, 208, 209, 121, 124, 122, 124, 126, 122, 122, 126, 125, 121, 127, 124, 127, 120, 125, 120, 127, 123, 127, 121, 123, 125, 120, 122, 136, 142, 141, 137, 141, 139, 141, 137, 136, 138, 142, 136, 204, 226, 227, 170, 171, 172, 171, 170, 173, 226, 204, 205, 124, 125, 126, 125, 124, 127, 206, 204, 227, 219, 206, 227, 0, 0, 0, 0, 0, 0, 0, 0, 0, 0, 0, 0, 0, 0, 0, 0, 0, 0, 0, 0, 0, 0, 0, 0, 0, 0, 0, 0, 0, 0, 0, 0, 0, 0, 0, 0, 0, 0, 0, 0, 0, 0, 0, 0, 0, 0, 0, 0, 0, 0, 0, 0, 0, 0, 0, 0, 0, 0, 0, 0, 0, 0, 0, 0, 0, 0, 0, 0, 0, 0, 0, 0, 0, 0, 0, 0, 0, 0, 0, 0, 0, 0, 0, 0, 0, 0, 0, 0, 0, 0, 0, 0, 0, 0, 0, 0, 0, 0, 0, 0, 0, 0, 0, 0, 0, 0, 0, 0, 0, 0, 0, 0, 0, 0, 0, 0, 0, 0, 0, 0, 0, 0, 0, 0, 0, 0, 0, 0, 0, 0, 0, 0, 0, 0, 0, 0, 0, 0, 0, 0, 0, 0, 0, 0, 0, 0, 0, 0, 0, 0, 0, 0, 0, 0, 0, 0, 0, 0, 0, 0, 0, 0, 0, 0, 0, 0, 0, 0, 0, 0, 0, 0, 0, 0, 0, 0, 0, 0, 0, 0, 0, 0, 0, 0, 0, 0, 0, 0, 0, 0, 0, 0, 0, 0, 0, 0, 0, 0, 0, 0, 0, 0, 0, 0, 0, 0, 0, 0, 0, 0, 0, 0, 0, 0, 0, 0, 0, 0, 0, 0, 0, 0, 0, 0, 0, 0, 0, 0, 0, 0, 0, 0, 0, 0, 0, 0, 0, 0, 0, 0, 0, 0, 0, 0, 0, 0, 0, 0, 0, 0, 0, 0, 0, 0, 0, 0, 0, 0, 0, 0, 0, 0, 0, 0, 0, 0, 0, 0, 0, 0, 0, 0, 0, 0, 0, 0, 0, 0, 0, 0, 0, 0, 0, 0, 0, 0, 0, 0, 0, 0, 0, 0, 0, 0, 0, 0, 0, 0, 0, 0, 0, 0, 0, 0, 0, 0, 0, 0, 0, 0, 0, 0, 0, 0, 0, 0, 0, 0, 0, 0, 0, 0, 0, 0, 0, 0, 0, 0, 0, 0, 0, 0, 0, 0, 0, 0, 0, 0, 0, 0, 0, 0, 0, 0, 0, 0, 0, 0, 0, 0, 0, 0, 0, 0, 0, 0, 0, 0, 0, 0, 0, 0, 0, 0, 0, 0, 0, 0, 0, 0, 0, 0, 0, 0, 0, 0, 0, 0, 0, 0, 0, 0, 0, 0, 0, 0, 0, 0, 0, 0, 0, 0, 0, 0, 0, 0, 0, 0, 0, 0, 0, 0, 0, 0, 0, 0, 0, 0, 0, 0, 0, 0, 0, 0, 0, 0, 0, 0, 0, 0, 0, 0, 0, 0, 0, 0, 0, 0, 0, 0, 0, 0, 0, 0, 0, 0, 0, 0, 0, 0, 0, 0, 0, 0, 0, 0, 0, 0, 0, 0, 0, 0, 0, 0, 0, 0, 0, 0, 0, 0, 0, 0, 0, 0, 0, 0, 0, 0, 0, 0, 0, 0, 0, 0, 0, 0, 0, 0, 0, 0, 0, 0, 0, 0, 0, 0, 0, 0, 0, 0, 0, 0, 0, 0, 0, 0, 0, 0, 0, 0, 0, 0, 0, 0, 0, 0, 0, 0, 0, 0, 0, 0, 0, 0, 0, 0, 0, 0, 0, 0, 0, 0, 0, 0, 0, 0, 0, 0, 0, 0, 0, 0, 0, 0, 0, 0, 0, 0, 0, 0, 0, 0, 0, 0, 0, 0, 0, 0, 0, 0, 0, 0, 0, 0, 0, 0, 0, 0, 0, 0, 0, 0, 0, 0, 0, 0, 0, 0, 0, 0, 0, 0, 0, 0, 0, 0, 0, 0, 0, 0, 0, 0, 0, 0, 0, 0, 0, 0, 0, 0, 0, 0, 0, 0, 0, 0, 0, 0, 0, 0, 0, 0, 0, 0, 0, 0, 0, 0, 0, 0, 0, 0, 0, 0, 0, 0, 0, 0, 0, 0, 0, 0, 0, 0, 0, 0, 0, 0, 0, 0, 0, 0, 0, 0, 0, 0, 0, 0, 0, 0, 0, 0, 0, 0, 0, 0, 0, 0, 0, 0, 0, 0, 0, 0, 0, 0, 0, 0, 0, 0, 0, 0, 0, 0, 0, 0, 0, 0, 0, 0, 0, 0, 0, 0, 0, 0, 0, 0, 0, 0, 0, 0, 0, 0, 0, 0, 0, 0, 0, 0, 0, 0, 0, 0, 0, 0, 0, 0, 0, 0, 0, 0, 0, 0, 0, 0, 0, 0, 0, 0, 0, 0, 0, 0, 0, 0, 0, 0, 0, 0, 0, 0, 0, 0, 0, 0, 0, 0, 0, 0, 0, 0, 0, 0, 0, 0, 0, 0, 0, 0, 0, 0, 0, 0, 0, 0, 0, 0, 0, 0, 0, 0, 0, 0, 0, 0, 0, 0, 0, 0, 123, 1, 0, 0, 8, 1, 9, 1, 60, 1, 61, 1, 62, 1, 63, 1, 92, 1, 112, 1, 114, 1, 94, 1, 1, 0, 0, 0, 174, 0, 175, 0, 0, 1, 1, 1, 16, 1, 17, 1, 20, 0, 21, 0, 120, 0, 121, 0, 122, 0, 123, 0, 124, 0, 125, 0, 18, 1, 19, 1, 2, 0, 3, 0, 8, 0, 9, 0, 4, 0, 5, 0, 116, 1, 171, 0, 24, 0, 25, 0, 172, 0, 173, 0, 170, 0, 11, 0, 10, 0, 23, 0, 164, 0, 165, 0, 166, 0, 167, 0, 168, 0, 169, 0, 22, 0, 7, 0, 6, 0, 16, 0, 17, 0, 18, 0, 19, 0, 132, 0, 133, 0, 134, 0, 135, 0, 136, 0, 137, 0, 28, 0, 29, 0, 12, 0, 13, 0, 64, 1, 65, 1, 66, 1, 67, 1, 156, 0, 157, 0, 96, 1, 110, 1, 128, 0, 129, 0, 130, 0, 131, 0, 27, 0, 26, 0, 127, 0, 20, 1, 243, 0, 126, 0, 242, 0, 14, 0, 15, 0, 23, 1, 21, 1, 55, 1, 34, 1, 10, 1, 11, 1, 50, 1, 51, 1, 52, 1, 53, 1, 93, 1, 95, 1, 118, 1, 65, 0, 64, 0, 89, 1, 91, 1, 2, 1, 3, 1, 212, 0, 213, 0, 82, 0, 83, 0, 214, 0, 215, 0, 216, 0, 217, 0, 90, 1, 32, 1, 88, 1, 67, 0, 66, 0, 68, 0, 69, 0, 12, 1, 13, 1, 46, 1, 47, 1, 48, 1, 49, 1, 97, 1, 99, 1, 60, 0, 61, 0, 120, 1, 122, 1, 222, 0, 220, 0, 219, 0, 221, 0, 223, 0, 218, 0, 84, 0, 85, 0, 4, 1, 5, 1, 85, 1, 87, 1, 81, 0, 208, 0, 210, 0, 206, 0, 80, 0, 209, 0, 211, 0, 207, 0, 70, 0, 71, 0, 84, 1, 86, 1, 62, 0, 63, 0, 76, 0, 77, 0, 78, 0, 79, 0, 230, 0, 231, 0, 232, 0, 88, 0, 89, 0, 233, 0, 234, 0, 235, 0, 72, 0, 73, 0, 42, 1, 44, 1, 45, 1, 14, 1, 101, 1, 103, 1, 15, 1, 121, 1, 123, 1, 33, 1, 57, 1, 56, 1, 6, 1, 86, 0, 87, 0, 83, 1, 226, 0, 227, 0, 228, 0, 224, 0, 229, 0, 225, 0, 82, 1, 75, 0, 74, 0, 42, 0, 43, 0, 98, 1, 108, 1, 56, 0, 57, 0, 199, 0, 22, 1, 194, 0, 195, 0, 196, 0, 197, 0, 198, 0, 45, 0, 44, 0, 54, 1, 35, 1, 46, 0, 47, 0, 202, 0, 58, 0, 59, 0, 203, 0, 200, 0, 201, 0, 204, 0, 205, 0, 48, 0, 49, 0, 158, 0, 159, 0, 68, 1, 69, 1, 70, 1, 71, 1, 100, 1, 102, 1, 30, 0, 109, 1, 111, 1, 31, 0, 38, 0, 39, 0, 176, 0, 177, 0, 178, 0, 179, 0, 180, 0, 181, 0, 50, 0, 51, 0, 24, 1, 26, 1, 240, 0, 241, 0, 55, 0, 193, 0, 188, 0, 54, 0, 190, 0, 191, 0, 189, 0, 192, 0, 33, 0, 32, 0, 27, 1, 25, 1, 40, 0, 41, 0, 34, 0, 35, 0, 72, 1, 73, 1, 74, 1, 104, 1, 106, 1, 75, 1, 160, 0, 113, 1, 161, 0, 115, 1, 187, 0, 183, 0, 28, 1, 184, 0, 52, 0, 53, 0, 185, 0, 186, 0, 182, 0, 238, 0, 239, 0, 30, 1, 37, 0, 29, 1, 36, 0, 36, 1, 58, 1, 102, 0, 103, 0, 43, 1, 149, 0, 7, 1, 144, 0, 145, 0, 116, 0, 117, 0, 146, 0, 147, 0, 148, 0, 81, 1, 80, 1, 104, 0, 105, 0, 106, 0, 107, 0, 152, 0, 153, 0, 154, 0, 155, 0, 118, 0, 119, 0, 150, 0, 108, 0, 151, 0, 109, 0, 94, 0, 95, 0, 112, 0, 113, 0, 244, 0, 245, 0, 246, 0, 247, 0, 248, 0, 249, 0, 252, 0, 115, 0, 250, 0, 251, 0, 59, 1, 31, 1, 96, 0, 97, 0, 37, 1, 101, 0, 100, 0, 98, 0, 99, 0, 163, 0, 105, 1, 107, 1, 40, 1, 90, 0, 91, 0, 117, 1, 39, 1, 119, 1, 162, 0, 41, 1, 38, 1, 110, 0, 111, 0, 138, 0, 143, 0, 140, 0, 141, 0, 142, 0, 139, 0, 255, 0, 253, 0, 254, 0, 114, 0, 77, 1, 236, 0, 237, 0, 76, 1, 92, 0, 93, 0, 78, 1, 79, 1, 1, 0, 0, 0, 71, 0, 0, 0, 5, 0, 0, 0, 0, 0, 0, 0, 92, 0, 0, 0, 6, 0, 0, 0, 3, 0, 0, 0, 8, 0, 0, 0, 95, 0, 0, 0, 68, 0, 0, 0, 2, 0, 0, 0, 4, 0, 0, 0, 5, 0, 0, 0, 3, 0, 0, 0, 97, 0, 0, 0, 4, 0, 0, 0, 0, 0, 0, 0, 67, 0, 0, 0, 9, 0, 0, 0, 1, 0, 0, 0, 98, 0, 0, 0, 8, 0, 0, 0, 74, 0, 0, 0, 16, 0, 0, 0, 7, 0, 0, 0, 34, 0, 0, 0, 2, 0, 0, 0, 6, 0, 0, 0, 14, 0, 0, 0, 73, 0, 0, 0, 18, 0, 0, 0, 21, 0, 0, 0, 11, 0, 0, 0, 24, 0, 0, 0, 10, 0, 0, 0, 23, 0, 0, 0, 39, 0, 0, 0, 31, 0, 0, 0, 13, 0, 0, 0, 36, 0, 0, 0, 42, 0, 0, 0, 12, 0, 0, 0, 15, 0, 0, 0, 83, 0, 0, 0, 9, 0, 0, 0, 14, 0, 0, 0, 105, 0, 0, 0, 91, 0, 0, 0, 17, 0, 0, 0, 104, 0, 0, 0, 7, 0, 0, 0, 16, 0, 0, 0, 82, 0, 0, 0, 26, 0, 0, 0, 25, 0, 0, 0, 19, 0, 0, 0, 10, 0, 0, 0, 29, 0, 0, 0, 20, 0, 0, 0, 18, 0, 0, 0, 19, 0, 0, 0, 28, 0, 0, 0, 21, 0, 0, 0, 22, 0, 0, 0, 10, 0, 0, 0, 20, 0, 0, 0, 23, 0, 0, 0, 21, 0, 0, 0, 28, 0, 0, 0, 22, 0, 0, 0, 24, 0, 0, 0, 11, 0, 0, 0, 25, 0, 0, 0, 11, 0, 0, 0, 23, 0, 0, 0, 24, 0, 0, 0, 29, 0, 0, 0, 18, 0, 0, 0, 17, 0, 0, 0, 27, 0, 0, 0, 115, 0, 0, 0, 26, 0, 0, 0, 89, 0, 0, 0, 90, 0, 0, 0, 20, 0, 0, 0, 29, 0, 0, 0, 22, 0, 0, 0, 19, 0, 0, 0, 25, 0, 0, 0, 28, 0, 0, 0, 39, 0, 0, 0, 35, 0, 0, 0, 31, 0, 0, 0, 30, 0, 0, 0, 36, 0, 0, 0, 12, 0, 0, 0, 47, 0, 0, 0, 45, 0, 0, 0, 33, 0, 0, 0, 32, 0, 0, 0, 50, 0, 0, 0, 48, 0, 0, 0, 100, 0, 0, 0, 8, 0, 0, 0, 103, 0, 0, 0, 40, 0, 0, 0, 30, 0, 0, 0, 38, 0, 0, 0, 37, 0, 0, 0, 13, 0, 0, 0, 31, 0, 0, 0, 36, 0, 0, 0, 40, 0, 0, 0, 42, 0, 0, 0, 39, 0, 0, 0, 41, 0, 0, 0, 35, 0, 0, 0, 12, 0, 0, 0, 38, 0, 0, 0, 30, 0, 0, 0, 35, 0, 0, 0, 41, 0, 0, 0, 37, 0, 0, 0, 42, 0, 0, 0, 40, 0, 0, 0, 38, 0, 0, 0, 41, 0, 0, 0, 13, 0, 0, 0, 37, 0, 0, 0, 50, 0, 0, 0, 44, 0, 0, 0, 52, 0, 0, 0, 45, 0, 0, 0, 51, 0, 0, 0, 43, 0, 0, 0, 44, 0, 0, 0, 32, 0, 0, 0, 46, 0, 0, 0, 47, 0, 0, 0, 51, 0, 0, 0, 45, 0, 0, 0, 48, 0, 0, 0, 46, 0, 0, 0, 32, 0, 0, 0, 47, 0, 0, 0, 33, 0, 0, 0, 49, 0, 0, 0, 50, 0, 0, 0, 52, 0, 0, 0, 48, 0, 0, 0, 43, 0, 0, 0, 49, 0, 0, 0, 33, 0, 0, 0, 52, 0, 0, 0, 44, 0, 0, 0, 46, 0, 0, 0, 51, 0, 0, 0, 49, 0, 0, 0, 43, 0, 0, 0, 61, 0, 0, 0, 54, 0, 0, 0, 60, 0, 0, 0, 63, 0, 0, 0, 58, 0, 0, 0, 53, 0, 0, 0, 56, 0, 0, 0, 62, 0, 0, 0, 59, 0, 0, 0, 55, 0, 0, 0, 57, 0, 0, 0, 64, 0, 0, 0, 64, 0, 0, 0, 56, 0, 0, 0, 58, 0, 0, 0, 59, 0, 0, 0, 54, 0, 0, 0, 57, 0, 0, 0, 60, 0, 0, 0, 58, 0, 0, 0, 55, 0, 0, 0, 59, 0, 0, 0, 61, 0, 0, 0, 53, 0, 0, 0, 62, 0, 0, 0, 53, 0, 0, 0, 60, 0, 0, 0, 61, 0, 0, 0, 55, 0, 0, 0, 63, 0, 0, 0, 62, 0, 0, 0, 64, 0, 0, 0, 54, 0, 0, 0, 63, 0, 0, 0, 56, 0, 0, 0, 57, 0, 0, 0, 66, 0, 0, 0, 81, 0, 0, 0, 76, 0, 0, 0, 65, 0, 0, 0, 77, 0, 0, 0, 80, 0, 0, 0, 69, 0, 0, 0, 5, 0, 0, 0, 71, 0, 0, 0, 70, 0, 0, 0, 3, 0, 0, 0, 69, 0, 0, 0, 67, 0, 0, 0, 230, 0, 0, 0, 68, 0, 0, 0, 68, 0, 0, 0, 231, 0, 0, 0, 74, 0, 0, 0, 67, 0, 0, 0, 0, 0, 0, 0, 72, 0, 0, 0, 71, 0, 0, 0, 73, 0, 0, 0, 228, 0, 0, 0, 201, 0, 0, 0, 72, 0, 0, 0, 9, 0, 0, 0, 202, 0, 0, 0, 7, 0, 0, 0, 70, 0, 0, 0, 76, 0, 0, 0, 81, 0, 0, 0, 86, 0, 0, 0, 75, 0, 0, 0, 77, 0, 0, 0, 65, 0, 0, 0, 78, 0, 0, 0, 66, 0, 0, 0, 76, 0, 0, 0, 77, 0, 0, 0, 86, 0, 0, 0, 80, 0, 0, 0, 80, 0, 0, 0, 87, 0, 0, 0, 84, 0, 0, 0, 78, 0, 0, 0, 79, 0, 0, 0, 66, 0, 0, 0, 75, 0, 0, 0, 65, 0, 0, 0, 84, 0, 0, 0, 206, 0, 0, 0, 17, 0, 0, 0, 202, 0, 0, 0, 215, 0, 0, 0, 85, 0, 0, 0, 14, 0, 0, 0, 79, 0, 0, 0, 87, 0, 0, 0, 81, 0, 0, 0, 201, 0, 0, 0, 83, 0, 0, 0, 253, 0, 0, 0, 87, 0, 0, 0, 78, 0, 0, 0, 75, 0, 0, 0, 86, 0, 0, 0, 84, 0, 0, 0, 79, 0, 0, 0, 89, 0, 0, 0, 206, 0, 0, 0, 9, 1, 0, 0, 88, 0, 0, 0, 214, 0, 0, 0, 27, 0, 0, 0, 214, 0, 0, 0, 185, 0, 0, 0, 27, 0, 0, 0, 183, 0, 0, 0, 215, 0, 0, 0, 15, 0, 0, 0, 93, 0, 0, 0, 98, 0, 0, 0, 1, 0, 0, 0, 97, 0, 0, 0, 122, 0, 0, 0, 92, 0, 0, 0, 95, 0, 0, 0, 100, 0, 0, 0, 127, 0, 0, 0, 96, 0, 0, 0, 2, 0, 0, 0, 94, 0, 0, 0, 95, 0, 0, 0, 126, 0, 0, 0, 97, 0, 0, 0, 96, 0, 0, 0, 93, 0, 0, 0, 4, 0, 0, 0, 99, 0, 0, 0, 6, 0, 0, 0, 92, 0, 0, 0, 98, 0, 0, 0, 128, 0, 0, 0, 106, 0, 0, 0, 94, 0, 0, 0, 34, 0, 0, 0, 132, 0, 0, 0, 102, 0, 0, 0, 113, 0, 0, 0, 110, 0, 0, 0, 101, 0, 0, 0, 108, 0, 0, 0, 112, 0, 0, 0, 104, 0, 0, 0, 145, 0, 0, 0, 34, 0, 0, 0, 103, 0, 0, 0, 16, 0, 0, 0, 115, 0, 0, 0, 106, 0, 0, 0, 116, 0, 0, 0, 15, 0, 0, 0, 99, 0, 0, 0, 142, 0, 0, 0, 105, 0, 0, 0, 108, 0, 0, 0, 109, 0, 0, 0, 119, 0, 0, 0, 107, 0, 0, 0, 111, 0, 0, 0, 102, 0, 0, 0, 110, 0, 0, 0, 119, 0, 0, 0, 107, 0, 0, 0, 109, 0, 0, 0, 101, 0, 0, 0, 114, 0, 0, 0, 112, 0, 0, 0, 108, 0, 0, 0, 118, 0, 0, 0, 111, 0, 0, 0, 113, 0, 0, 0, 102, 0, 0, 0, 112, 0, 0, 0, 114, 0, 0, 0, 101, 0, 0, 0, 113, 0, 0, 0, 118, 0, 0, 0, 110, 0, 0, 0, 117, 0, 0, 0, 104, 0, 0, 0, 26, 0, 0, 0, 183, 0, 0, 0, 105, 0, 0, 0, 142, 0, 0, 0, 115, 0, 0, 0, 185, 0, 0, 0, 157, 0, 0, 0, 114, 0, 0, 0, 111, 0, 0, 0, 119, 0, 0, 0, 109, 0, 0, 0, 118, 0, 0, 0, 107, 0, 0, 0, 121, 0, 0, 0, 136, 0, 0, 0, 137, 0, 0, 0, 120, 0, 0, 0, 134, 0, 0, 0, 141, 0, 0, 0, 123, 0, 0, 0, 128, 0, 0, 0, 93, 0, 0, 0, 124, 0, 0, 0, 177, 0, 0, 0, 122, 0, 0, 0, 123, 0, 0, 0, 126, 0, 0, 0, 175, 0, 0, 0, 126, 0, 0, 0, 127, 0, 0, 0, 176, 0, 0, 0, 125, 0, 0, 0, 124, 0, 0, 0, 96, 0, 0, 0, 94, 0, 0, 0, 132, 0, 0, 0, 125, 0, 0, 0, 129, 0, 0, 0, 99, 0, 0, 0, 122, 0, 0, 0, 128, 0, 0, 0, 178, 0, 0, 0, 143, 0, 0, 0, 151, 0, 0, 0, 131, 0, 0, 0, 148, 0, 0, 0, 130, 0, 0, 0, 153, 0, 0, 0, 150, 0, 0, 0, 133, 0, 0, 0, 127, 0, 0, 0, 100, 0, 0, 0, 132, 0, 0, 0, 144, 0, 0, 0, 182, 0, 0, 0, 137, 0, 0, 0, 138, 0, 0, 0, 121, 0, 0, 0, 137, 0, 0, 0, 136, 0, 0, 0, 154, 0, 0, 0, 139, 0, 0, 0, 135, 0, 0, 0, 120, 0, 0, 0, 135, 0, 0, 0, 134, 0, 0, 0, 120, 0, 0, 0, 134, 0, 0, 0, 155, 0, 0, 0, 141, 0, 0, 0, 136, 0, 0, 0, 140, 0, 0, 0, 154, 0, 0, 0, 141, 0, 0, 0, 155, 0, 0, 0, 139, 0, 0, 0, 140, 0, 0, 0, 121, 0, 0, 0, 138, 0, 0, 0, 143, 0, 0, 0, 116, 0, 0, 0, 106, 0, 0, 0, 186, 0, 0, 0, 142, 0, 0, 0, 129, 0, 0, 0, 189, 0, 0, 0, 133, 0, 0, 0, 145, 0, 0, 0, 103, 0, 0, 0, 157, 0, 0, 0, 144, 0, 0, 0, 150, 0, 0, 0, 149, 0, 0, 0, 159, 0, 0, 0, 151, 0, 0, 0, 158, 0, 0, 0, 153, 0, 0, 0, 152, 0, 0, 0, 151, 0, 0, 0, 130, 0, 0, 0, 153, 0, 0, 0, 158, 0, 0, 0, 146, 0, 0, 0, 146, 0, 0, 0, 152, 0, 0, 0, 131, 0, 0, 0, 147, 0, 0, 0, 130, 0, 0, 0, 148, 0, 0, 0, 148, 0, 0, 0, 150, 0, 0, 0, 159, 0, 0, 0, 147, 0, 0, 0, 149, 0, 0, 0, 131, 0, 0, 0, 155, 0, 0, 0, 135, 0, 0, 0, 139, 0, 0, 0, 154, 0, 0, 0, 140, 0, 0, 0, 138, 0, 0, 0, 157, 0, 0, 0, 184, 0, 0, 0, 196, 0, 0, 0, 156, 0, 0, 0, 145, 0, 0, 0, 117, 0, 0, 0, 159, 0, 0, 0, 149, 0, 0, 0, 147, 0, 0, 0, 158, 0, 0, 0, 152, 0, 0, 0, 146, 0, 0, 0, 169, 0, 0, 0, 161, 0, 0, 0, 170, 0, 0, 0, 160, 0, 0, 0, 165, 0, 0, 0, 167, 0, 0, 0, 163, 0, 0, 0, 168, 0, 0, 0, 164, 0, 0, 0, 162, 0, 0, 0, 166, 0, 0, 0, 171, 0, 0, 0, 165, 0, 0, 0, 162, 0, 0, 0, 168, 0, 0, 0, 166, 0, 0, 0, 164, 0, 0, 0, 161, 0, 0, 0, 169, 0, 0, 0, 163, 0, 0, 0, 165, 0, 0, 0, 168, 0, 0, 0, 171, 0, 0, 0, 161, 0, 0, 0, 167, 0, 0, 0, 164, 0, 0, 0, 162, 0, 0, 0, 166, 0, 0, 0, 160, 0, 0, 0, 170, 0, 0, 0, 171, 0, 0, 0, 169, 0, 0, 0, 160, 0, 0, 0, 170, 0, 0, 0, 167, 0, 0, 0, 163, 0, 0, 0, 173, 0, 0, 0, 187, 0, 0, 0, 192, 0, 0, 0, 172, 0, 0, 0, 191, 0, 0, 0, 195, 0, 0, 0, 176, 0, 0, 0, 181, 0, 0, 0, 99, 1, 0, 0, 176, 0, 0, 0, 43, 1, 0, 0, 124, 0, 0, 0, 175, 0, 0, 0, 125, 0, 0, 0, 174, 0, 0, 0, 43, 1, 0, 0, 180, 0, 0, 0, 123, 0, 0, 0, 179, 0, 0, 0, 186, 0, 0, 0, 129, 0, 0, 0, 180, 0, 0, 0, 93, 1, 0, 0, 178, 0, 0, 0, 179, 0, 0, 0, 177, 0, 0, 0, 92, 1, 0, 0, 182, 0, 0, 0, 100, 1, 0, 0, 174, 0, 0, 0, 181, 0, 0, 0, 133, 0, 0, 0, 189, 0, 0, 0, 116, 0, 0, 0, 39, 1, 0, 0, 91, 0, 0, 0, 40, 1, 0, 0, 156, 0, 0, 0, 185, 0, 0, 0, 117, 0, 0, 0, 90, 0, 0, 0, 184, 0, 0, 0, 45, 1, 0, 0, 143, 0, 0, 0, 178, 0, 0, 0, 188, 0, 0, 0, 194, 0, 0, 0, 172, 0, 0, 0, 187, 0, 0, 0, 193, 0, 0, 0, 197, 0, 0, 0, 182, 0, 0, 0, 144, 0, 0, 0, 53, 1, 0, 0, 191, 0, 0, 0, 198, 0, 0, 0, 195, 0, 0, 0, 190, 0, 0, 0, 173, 0, 0, 0, 192, 0, 0, 0, 194, 0, 0, 0, 191, 0, 0, 0, 172, 0, 0, 0, 195, 0, 0, 0, 198, 0, 0, 0, 188, 0, 0, 0, 192, 0, 0, 0, 187, 0, 0, 0, 197, 0, 0, 0, 190, 0, 0, 0, 193, 0, 0, 0, 173, 0, 0, 0, 54, 1, 0, 0, 53, 1, 0, 0, 156, 0, 0, 0, 198, 0, 0, 0, 194, 0, 0, 0, 188, 0, 0, 0, 190, 0, 0, 0, 197, 0, 0, 0, 193, 0, 0, 0, 208, 0, 0, 0, 203, 0, 0, 0, 200, 0, 0, 0, 199, 0, 0, 0, 211, 0, 0, 0, 210, 0, 0, 0, 73, 0, 0, 0, 85, 0, 0, 0, 234, 0, 0, 0, 74, 0, 0, 0, 237, 0, 0, 0, 82, 0, 0, 0, 204, 0, 0, 0, 205, 0, 0, 0, 199, 0, 0, 0, 203, 0, 0, 0, 207, 0, 0, 0, 212, 0, 0, 0, 211, 0, 0, 0, 203, 0, 0, 0, 213, 0, 0, 0, 82, 0, 0, 0, 250, 0, 0, 0, 88, 0, 0, 0, 208, 0, 0, 0, 212, 0, 0, 0, 204, 0, 0, 0, 209, 0, 0, 0, 207, 0, 0, 0, 199, 0, 0, 0, 210, 0, 0, 0, 213, 0, 0, 0, 208, 0, 0, 0, 209, 0, 0, 0, 200, 0, 0, 0, 211, 0, 0, 0, 205, 0, 0, 0, 210, 0, 0, 0, 200, 0, 0, 0, 213, 0, 0, 0, 204, 0, 0, 0, 207, 0, 0, 0, 212, 0, 0, 0, 209, 0, 0, 0, 205, 0, 0, 0, 90, 0, 0, 0, 89, 0, 0, 0, 9, 1, 0, 0, 91, 0, 0, 0, 252, 0, 0, 0, 83, 0, 0, 0, 223, 0, 0, 0, 219, 0, 0, 0, 217, 0, 0, 0, 216, 0, 0, 0, 224, 0, 0, 0, 221, 0, 0, 0, 221, 0, 0, 0, 226, 0, 0, 0, 223, 0, 0, 0, 220, 0, 0, 0, 225, 0, 0, 0, 216, 0, 0, 0, 219, 0, 0, 0, 222, 0, 0, 0, 227, 0, 0, 0, 218, 0, 0, 0, 217, 0, 0, 0, 224, 0, 0, 0, 223, 0, 0, 0, 227, 0, 0, 0, 220, 0, 0, 0, 218, 0, 0, 0, 222, 0, 0, 0, 216, 0, 0, 0, 225, 0, 0, 0, 221, 0, 0, 0, 217, 0, 0, 0, 224, 0, 0, 0, 219, 0, 0, 0, 226, 0, 0, 0, 227, 0, 0, 0, 218, 0, 0, 0, 225, 0, 0, 0, 226, 0, 0, 0, 220, 0, 0, 0, 222, 0, 0, 0, 230, 0, 0, 0, 72, 0, 0, 0, 229, 0, 0, 0, 228, 0, 0, 0, 235, 0, 0, 0, 20, 1, 0, 0, 232, 0, 0, 0, 69, 0, 0, 0, 228, 0, 0, 0, 232, 0, 0, 0, 233, 0, 0, 0, 70, 0, 0, 0, 231, 0, 0, 0, 230, 0, 0, 0, 14, 1, 0, 0, 15, 1, 0, 0, 238, 0, 0, 0, 231, 0, 0, 0, 235, 0, 0, 0, 201, 0, 0, 0, 253, 0, 0, 0, 234, 0, 0, 0, 17, 1, 0, 0, 229, 0, 0, 0, 239, 0, 0, 0, 245, 0, 0, 0, 243, 0, 0, 0, 238, 0, 0, 0, 250, 0, 0, 0, 202, 0, 0, 0, 237, 0, 0, 0, 233, 0, 0, 0, 21, 1, 0, 0, 236, 0, 0, 0, 248, 0, 0, 0, 246, 0, 0, 0, 254, 0, 0, 0, 241, 0, 0, 0, 5, 1, 0, 0, 4, 1, 0, 0, 3, 1, 0, 0, 240, 0, 0, 0, 243, 0, 0, 0, 6, 1, 0, 0, 249, 0, 0, 0, 244, 0, 0, 0, 242, 0, 0, 0, 236, 0, 0, 0, 245, 0, 0, 0, 6, 1, 0, 0, 243, 0, 0, 0, 244, 0, 0, 0, 236, 0, 0, 0, 246, 0, 0, 0, 247, 0, 0, 0, 245, 0, 0, 0, 239, 0, 0, 0, 246, 0, 0, 0, 248, 0, 0, 0, 7, 1, 0, 0, 249, 0, 0, 0, 247, 0, 0, 0, 239, 0, 0, 0, 248, 0, 0, 0, 242, 0, 0, 0, 7, 1, 0, 0, 206, 0, 0, 0, 237, 0, 0, 0, 251, 0, 0, 0, 26, 1, 0, 0, 8, 1, 0, 0, 250, 0, 0, 0, 253, 0, 0, 0, 215, 0, 0, 0, 34, 1, 0, 0, 85, 0, 0, 0, 252, 0, 0, 0, 234, 0, 0, 0, 1, 1, 0, 0, 240, 0, 0, 0, 255, 0, 0, 0, 5, 1, 0, 0, 10, 1, 0, 0, 254, 0, 0, 0, 4, 1, 0, 0, 1, 1, 0, 0, 11, 1, 0, 0, 254, 0, 0, 0, 10, 1, 0, 0, 0, 1, 0, 0, 3, 1, 0, 0, 4, 1, 0, 0, 11, 1, 0, 0, 2, 1, 0, 0, 5, 1, 0, 0, 241, 0, 0, 0, 0, 1, 0, 0, 2, 1, 0, 0, 241, 0, 0, 0, 3, 1, 0, 0, 255, 0, 0, 0, 240, 0, 0, 0, 7, 1, 0, 0, 242, 0, 0, 0, 244, 0, 0, 0, 247, 0, 0, 0, 249, 0, 0, 0, 6, 1, 0, 0, 9, 1, 0, 0, 251, 0, 0, 0, 37, 1, 0, 0, 8, 1, 0, 0, 214, 0, 0, 0, 88, 0, 0, 0, 11, 1, 0, 0, 1, 1, 0, 0, 255, 0, 0, 0, 10, 1, 0, 0, 2, 1, 0, 0, 0, 1, 0, 0, 13, 1, 0, 0, 30, 1, 0, 0, 31, 1, 0, 0, 12, 1, 0, 0, 29, 1, 0, 0, 25, 1, 0, 0, 16, 1, 0, 0, 232, 0, 0, 0, 20, 1, 0, 0, 19, 1, 0, 0, 23, 1, 0, 0, 233, 0, 0, 0, 14, 1, 0, 0, 95, 1, 0, 0, 19, 1, 0, 0, 18, 1, 0, 0, 235, 0, 0, 0, 33, 1, 0, 0, 17, 1, 0, 0, 94, 1, 0, 0, 22, 1, 0, 0, 16, 1, 0, 0, 103, 1, 0, 0, 15, 1, 0, 0, 14, 1, 0, 0, 229, 0, 0, 0, 22, 1, 0, 0, 23, 1, 0, 0, 35, 1, 0, 0, 238, 0, 0, 0, 20, 1, 0, 0, 18, 1, 0, 0, 101, 1, 0, 0, 21, 1, 0, 0, 15, 1, 0, 0, 98, 1, 0, 0, 31, 1, 0, 0, 38, 1, 0, 0, 29, 1, 0, 0, 32, 1, 0, 0, 27, 1, 0, 0, 13, 1, 0, 0, 35, 1, 0, 0, 37, 1, 0, 0, 251, 0, 0, 0, 30, 1, 0, 0, 25, 1, 0, 0, 38, 1, 0, 0, 29, 1, 0, 0, 36, 1, 0, 0, 32, 1, 0, 0, 28, 1, 0, 0, 13, 1, 0, 0, 24, 1, 0, 0, 27, 1, 0, 0, 31, 1, 0, 0, 12, 1, 0, 0, 30, 1, 0, 0, 24, 1, 0, 0, 12, 1, 0, 0, 25, 1, 0, 0, 28, 1, 0, 0, 36, 1, 0, 0, 34, 1, 0, 0, 118, 1, 0, 0, 17, 1, 0, 0, 33, 1, 0, 0, 252, 0, 0, 0, 87, 1, 0, 0, 21, 1, 0, 0, 119, 1, 0, 0, 26, 1, 0, 0, 38, 1, 0, 0, 32, 1, 0, 0, 28, 1, 0, 0, 26, 1, 0, 0, 84, 1, 0, 0, 8, 1, 0, 0, 36, 1, 0, 0, 24, 1, 0, 0, 27, 1, 0, 0, 183, 0, 0, 0, 45, 1, 0, 0, 87, 1, 0, 0, 184, 0, 0, 0, 83, 1, 0, 0, 54, 1, 0, 0, 42, 1, 0, 0, 48, 1, 0, 0, 47, 1, 0, 0, 41, 1, 0, 0, 51, 1, 0, 0, 52, 1, 0, 0, 175, 0, 0, 0, 102, 1, 0, 0, 177, 0, 0, 0, 52, 1, 0, 0, 56, 1, 0, 0, 48, 1, 0, 0, 186, 0, 0, 0, 117, 1, 0, 0, 39, 1, 0, 0, 49, 1, 0, 0, 55, 1, 0, 0, 47, 1, 0, 0, 50, 1, 0, 0, 41, 1, 0, 0, 46, 1, 0, 0, 44, 1, 0, 0, 49, 1, 0, 0, 41, 1, 0, 0, 48, 1, 0, 0, 55, 1, 0, 0, 46, 1, 0, 0, 51, 1, 0, 0, 47, 1, 0, 0, 56, 1, 0, 0, 50, 1, 0, 0, 52, 1, 0, 0, 42, 1, 0, 0, 44, 1, 0, 0, 42, 1, 0, 0, 51, 1, 0, 0, 189, 0, 0, 0, 196, 0, 0, 0, 116, 1, 0, 0, 196, 0, 0, 0, 40, 1, 0, 0, 123, 1, 0, 0, 56, 1, 0, 0, 46, 1, 0, 0, 49, 1, 0, 0, 55, 1, 0, 0, 44, 1, 0, 0, 50, 1, 0, 0, 58, 1, 0, 0, 63, 1, 0, 0, 67, 1, 0, 0, 57, 1, 0, 0, 60, 1, 0, 0, 61, 1, 0, 0, 60, 1, 0, 0, 67, 1, 0, 0, 68, 1, 0, 0, 59, 1, 0, 0, 61, 1, 0, 0, 58, 1, 0, 0, 62, 1, 0, 0, 58, 1, 0, 0, 60, 1, 0, 0, 61, 1, 0, 0, 68, 1, 0, 0, 63, 1, 0, 0, 62, 1, 0, 0, 64, 1, 0, 0, 57, 1, 0, 0, 63, 1, 0, 0, 66, 1, 0, 0, 65, 1, 0, 0, 64, 1, 0, 0, 66, 1, 0, 0, 67, 1, 0, 0, 68, 1, 0, 0, 65, 1, 0, 0, 64, 1, 0, 0, 59, 1, 0, 0, 57, 1, 0, 0, 65, 1, 0, 0, 66, 1, 0, 0, 62, 1, 0, 0, 59, 1, 0, 0, 70, 1, 0, 0, 74, 1, 0, 0, 71, 1, 0, 0, 69, 1, 0, 0, 77, 1, 0, 0, 76, 1, 0, 0, 72, 1, 0, 0, 78, 1, 0, 0, 69, 1, 0, 0, 71, 1, 0, 0, 73, 1, 0, 0, 86, 1, 0, 0, 74, 1, 0, 0, 86, 1, 0, 0, 72, 1, 0, 0, 73, 1, 0, 0, 69, 1, 0, 0, 75, 1, 0, 0, 76, 1, 0, 0, 85, 1, 0, 0, 74, 1, 0, 0, 77, 1, 0, 0, 75, 1, 0, 0, 70, 1, 0, 0, 76, 1, 0, 0, 70, 1, 0, 0, 78, 1, 0, 0, 71, 1, 0, 0, 85, 1, 0, 0, 77, 1, 0, 0, 113, 1, 0, 0, 89, 1, 0, 0, 82, 1, 0, 0, 115, 1, 0, 0, 81, 1, 0, 0, 88, 1, 0, 0, 82, 1, 0, 0, 88, 1, 0, 0, 80, 1, 0, 0, 81, 1, 0, 0, 91, 1, 0, 0, 79, 1, 0, 0, 40, 1, 0, 0, 84, 1, 0, 0, 123, 1, 0, 0, 37, 1, 0, 0, 122, 1, 0, 0, 83, 1, 0, 0, 75, 1, 0, 0, 78, 1, 0, 0, 86, 1, 0, 0, 85, 1, 0, 0, 72, 1, 0, 0, 73, 1, 0, 0, 39, 1, 0, 0, 118, 1, 0, 0, 34, 1, 0, 0, 89, 1, 0, 0, 80, 1, 0, 0, 81, 1, 0, 0, 79, 1, 0, 0, 112, 1, 0, 0, 88, 1, 0, 0, 114, 1, 0, 0, 91, 1, 0, 0, 115, 1, 0, 0, 90, 1, 0, 0, 113, 1, 0, 0, 82, 1, 0, 0, 101, 1, 0, 0, 180, 0, 0, 0, 102, 1, 0, 0, 94, 1, 0, 0, 117, 1, 0, 0, 179, 0, 0, 0, 93, 1, 0, 0, 101, 1, 0, 0, 18, 1, 0, 0, 99, 1, 0, 0, 16, 1, 0, 0, 102, 1, 0, 0, 97, 1, 0, 0, 104, 1, 0, 0, 111, 1, 0, 0, 96, 1, 0, 0, 109, 1, 0, 0, 110, 1, 0, 0, 100, 1, 0, 0, 23, 1, 0, 0, 103, 1, 0, 0, 174, 0, 0, 0, 103, 1, 0, 0, 95, 1, 0, 0, 98, 1, 0, 0, 181, 0, 0, 0, 119, 1, 0, 0, 92, 1, 0, 0, 22, 1, 0, 0, 94, 1, 0, 0, 95, 1, 0, 0, 92, 1, 0, 0, 43, 1, 0, 0, 99, 1, 0, 0, 98, 1, 0, 0, 19, 1, 0, 0, 107, 1, 0, 0, 105, 1, 0, 0, 96, 1, 0, 0, 120, 1, 0, 0, 106, 1, 0, 0, 104, 1, 0, 0, 105, 1, 0, 0, 120, 1, 0, 0, 111, 1, 0, 0, 110, 1, 0, 0, 121, 1, 0, 0, 104, 1, 0, 0, 109, 1, 0, 0, 111, 1, 0, 0, 121, 1, 0, 0, 108, 1, 0, 0, 110, 1, 0, 0, 97, 1, 0, 0, 107, 1, 0, 0, 97, 1, 0, 0, 109, 1, 0, 0, 108, 1, 0, 0, 96, 1, 0, 0, 106, 1, 0, 0, 115, 1, 0, 0, 89, 1, 0, 0, 114, 1, 0, 0, 114, 1, 0, 0, 79, 1, 0, 0, 91, 1, 0, 0, 113, 1, 0, 0, 90, 1, 0, 0, 112, 1, 0, 0, 80, 1, 0, 0, 112, 1, 0, 0, 90, 1, 0, 0, 119, 1, 0, 0, 53, 1, 0, 0, 122, 1, 0, 0, 118, 1, 0, 0, 45, 1, 0, 0, 93, 1, 0, 0, 117, 1, 0, 0, 33, 1, 0, 0, 87, 1, 0, 0, 116, 1, 0, 0, 35, 1, 0, 0, 100, 1, 0, 0, 121, 1, 0, 0, 106, 1, 0, 0, 105, 1, 0, 0, 120, 1, 0, 0, 107, 1, 0, 0, 108, 1, 0, 0, 84, 1, 0, 0, 116, 1, 0, 0, 123, 1, 0, 0, 83, 1, 0, 0, 122, 1, 0, 0, 54, 1, 0, 0, 66, 86, 52, 32, 3, 0, 0, 0, 0, 0, 246, 184, 0, 0, 0, 183, 190, 116, 22, 65, 68, 107, 36, 66, 4, 0, 0, 0, 245, 211, 51, 58, 181, 108, 132, 58, 113, 226, 11, 58, 122, 211, 51, 58, 177, 108, 132, 58, 86, 118, 22, 58, 1, 0, 0, 0, 80, 0, 0, 0, 201, 144, 255, 127, 1, 128, 88, 118, 168, 137, 255, 127, 1, 128, 57, 108, 142, 134, 255, 127, 142, 134, 255, 127, 1, 128, 138, 116, 1, 128, 127, 120, 0, 0, 255, 127, 0, 0, 255, 127, 0, 0, 255, 127, 0, 0, 255, 127, 100, 38, 0, 0, 132, 71, 0, 0, 132, 103, 0, 0, 4, 128, 0, 0, 34, 91, 255, 127, 201, 144, 88, 118, 22, 112, 208, 124, 22, 107, 255, 127, 250, 96, 255, 127, 247, 115, 255, 127, 65, 57, 227, 64, 142, 134, 114, 121, 0, 0, 255, 127, 0, 0, 1, 119, 0, 0, 1, 119, 0, 0, 255, 127, 98, 166, 0, 0, 130, 199, 0, 0, 185, 6, 0, 0, 2, 224, 0, 0, 48, 131, 234, 143, 1, 128, 57, 108, 168, 137, 88, 118, 1, 128, 49, 174, 65, 57, 227, 64, 142, 134, 114, 121, 203, 113, 255, 127, 250, 96, 255, 127, 0, 0, 1, 119, 0, 0, 255, 127, 0, 0, 255, 127, 0, 0, 255, 127, 25, 20, 0, 0, 122, 0, 1, 0, 130, 39, 1, 0, 2, 64, 1, 0, 22, 112, 208, 124, 22, 107, 255, 127, 168, 137, 88, 118, 207, 81, 255, 127, 29, 191, 191, 198, 142, 134, 138, 116, 1, 128, 9, 140, 1, 128, 6, 159, 0, 0, 1, 119, 0, 0, 1, 119, 0, 0, 255, 127, 0, 0, 255, 127, 25, 27, 0, 0, 156, 129, 1, 0, 124, 160, 1, 0, 2, 192, 1, 0, 48, 131, 234, 143, 1, 128, 57, 108, 206, 139, 57, 108, 1, 128, 133, 172, 29, 191, 191, 198, 142, 134, 127, 120, 172, 128, 6, 143, 1, 128, 6, 159, 0, 0, 1, 119, 0, 0, 255, 127, 0, 0, 1, 119, 0, 0, 255, 127, 57, 39, 0, 0, 122, 0, 2, 0, 132, 39, 2, 0, 2, 64, 2, 0, 53, 110, 255, 127, 34, 91, 208, 124, 22, 107, 81, 122, 0, 0, 0, 0, 244, 98, 255, 127, 250, 96, 84, 127, 250, 96, 244, 120, 0, 0, 0, 0, 189, 119, 255, 127, 0, 0, 1, 119, 0, 0, 244, 5, 0, 0, 0, 0, 25, 0, 0, 0, 157, 1, 0, 0, 73, 3, 0, 0, 255, 255, 255, 255, 201, 144, 88, 118, 207, 81, 0, 93, 41, 24, 44, 34, 0, 0, 0, 0, 85, 118, 255, 127, 247, 115, 84, 127, 247, 115, 84, 127, 0, 0, 0, 0, 189, 119, 1, 119, 0, 0, 1, 119, 0, 0, 1, 119, 0, 0, 0, 0, 203, 3, 0, 0, 113, 4, 0, 0, 117, 5, 0, 0, 255, 255, 255, 255, 95, 114, 255, 127, 22, 112, 208, 124, 22, 107, 81, 122, 0, 0, 0, 0, 142, 134, 114, 121, 118, 139, 138, 116, 202, 136, 54, 119, 0, 0, 0, 0, 189, 119, 255, 127, 0, 0, 1, 119, 0, 0, 244, 5, 0, 0, 0, 0, 53, 8, 0, 0, 119, 9, 0, 0, 205, 10, 0, 0, 255, 255, 255, 255, 1, 128, 160, 141, 206, 139, 57, 108, 48, 131, 234, 143, 0, 0, 0, 0, 142, 134, 114, 121, 202, 136, 54, 119, 118, 139, 138, 116, 0, 0, 0, 0, 189, 119, 255, 127, 0, 0, 184, 5, 0, 0, 1, 119, 0, 0, 0, 0, 151, 21, 0, 0, 231, 22, 0, 0, 91, 23, 0, 0, 255, 255, 255, 255, 168, 137, 88, 118, 201, 144, 55, 111, 206, 139, 74, 109, 0, 0, 0, 0, 85, 118, 255, 127, 247, 115, 84, 127, 203, 113, 200, 124, 0, 0, 0, 0, 189, 119, 255, 127, 0, 0, 1, 119, 0, 0, 244, 5, 0, 0, 0, 0, 151, 11, 0, 0, 249, 12, 0, 0, 107, 14, 0, 0, 255, 255, 255, 255, 1, 128, 133, 172, 175, 133, 49, 174, 48, 131, 49, 174, 0, 0, 0, 0, 244, 98, 255, 127, 250, 96, 200, 124, 250, 96, 84, 127, 0, 0, 0, 0, 189, 119, 255, 127, 0, 0, 244, 5, 0, 0, 1, 119, 0, 0, 0, 0, 29, 15, 0, 0, 77, 19, 0, 0, 100, 102, 1, 0, 255, 255, 255, 255, 0, 163, 49, 174, 0, 163, 49, 174, 38, 135, 200, 147, 48, 131, 234, 143, 85, 118, 84, 127, 247, 115, 200, 124, 203, 113, 21, 123, 250, 96, 107, 105, 0, 0, 1, 119, 0, 0, 1, 119, 37, 6, 218, 114, 0, 0, 1, 119, 201, 16, 0, 0, 73, 17, 0, 0, 201, 17, 0, 0, 81, 18, 0, 0, 95, 114, 255, 127, 22, 112, 208, 124, 22, 112, 81, 122, 22, 107, 50, 116, 142, 134, 138, 116, 118, 139, 133, 114, 111, 232, 197, 238, 202, 136, 204, 113, 189, 119, 1, 119, 0, 0, 1, 119, 0, 0, 1, 0, 0, 0, 184, 5, 233, 24, 0, 0, 115, 25, 0, 0, 133, 26, 0, 0, 197, 26, 0, 0, 167, 24, 44, 34, 168, 137, 88, 118, 201, 144, 55, 111, 182, 146, 74, 109, 172, 128, 171, 137, 1, 128, 155, 134, 172, 128, 9, 140, 56, 131, 9, 140, 255, 127, 1, 119, 189, 119, 255, 127, 0, 0, 1, 119, 0, 0, 244, 5, 133, 33, 0, 0, 213, 33, 0, 0, 25, 35, 0, 0, 135, 36, 0, 0, 122, 83, 255, 127, 207, 81, 81, 122, 207, 81, 208, 124, 0, 0, 0, 0, 1, 128, 12, 157, 56, 131, 6, 159, 172, 128, 6, 159, 0, 0, 0, 0, 189, 119, 255, 127, 0, 0, 244, 5, 0, 0, 1, 119, 0, 0, 0, 0, 157, 28, 0, 0, 205, 32, 0, 0, 156, 225, 1, 0, 255, 255, 255, 255, 22, 112, 208, 124, 55, 108, 218, 120, 207, 81, 0, 93, 207, 81, 0, 93, 149, 150, 6, 159, 235, 132, 53, 142, 56, 131, 9, 140, 172, 128, 171, 137, 0, 0, 1, 119, 37, 6, 218, 114, 0, 0, 1, 119, 0, 0, 1, 119, 81, 30, 0, 0, 73, 31, 0, 0, 201, 31, 0, 0, 73, 32, 0, 0, 206, 139, 57, 108, 1, 128, 234, 143, 175, 133, 234, 143, 0, 0, 0, 0, 202, 136, 204, 113, 142, 134, 127, 120, 123, 141, 251, 112, 0, 0, 0, 0, 0, 0, 184, 5, 0, 0, 255, 127, 0, 0, 244, 5, 0, 0, 0, 0, 229, 36, 0, 0, 59, 37, 0, 0, 199, 38, 0, 0, 255, 255, 255, 255, 212, 221, 215, 231, 220, 164, 49, 174, 206, 139, 57, 108, 220, 164, 49, 174, 172, 128, 9, 140, 172, 128, 9, 140, 56, 131, 6, 143, 56, 131, 9, 140, 0, 0, 1, 119, 0, 0, 1, 119, 0, 0, 244, 5, 0, 0, 1, 0, 181, 40, 0, 0, 233, 41, 0, 0, 107, 42, 0, 0, 5, 43, 0, 0, 1, 128, 133, 172, 175, 133, 234, 148, 48, 131, 133, 172, 0, 0, 0, 0, 1, 128, 12, 157, 12, 135, 6, 159, 172, 128, 6, 159, 0, 0, 0, 0, 189, 119, 255, 127, 0, 0, 244, 5, 0, 0, 1, 119, 0, 0, 0, 0, 93, 43, 0, 0, 9, 47, 0, 0, 156, 97, 2, 0, 255, 255, 255, 255, 175, 133, 234, 143, 48, 131, 160, 141, 0, 163, 133, 172, 38, 135, 200, 147, 149, 150, 6, 159, 149, 150, 6, 159, 172, 128, 9, 140, 235, 132, 53, 142, 0, 0, 1, 119, 0, 0, 1, 119, 0, 0, 1, 119, 37, 6, 218, 114, 9, 45, 0, 0, 137, 45, 0, 0, 9, 46, 0, 0, 137, 46, 0, 0, 119, 107, 4, 55, 36, 210, 179, 193, 119, 107, 4, 194, 0, 0, 128, 182, 169, 209, 179, 65, 115, 107, 4, 66, 192, 116, 150, 65, 124, 1, 0, 0, 32, 0, 48, 40, 16, 16, 0, 0, 32, 16, 24, 40, 24, 24, 32, 0, 16, 48, 40, 24, 24, 24, 48, 48, 48, 48, 40, 48, 40, 24, 24, 48, 24, 48, 0, 48, 48, 48, 48, 40, 48, 48, 48, 48, 48, 48, 48, 40, 24, 24, 48, 48, 48, 40, 24, 48, 48, 24, 24, 48, 48, 48, 48, 40, 48, 48, 48, 32, 48, 32, 48, 8, 0, 0, 32, 48, 48, 48, 48, 48, 40, 24, 16, 0, 24, 8, 48, 48, 48, 48, 32, 0, 0, 8, 48, 24, 8, 16, 0, 32, 8, 48, 48, 16, 48, 0, 8, 48, 48, 48, 48, 48, 48, 40, 48, 48, 0, 48, 24, 40, 48, 48, 0, 8, 8, 40, 8, 24, 0, 32, 40, 48, 16, 0, 40, 48, 48, 48, 48, 48, 48, 48, 0, 32, 8, 24, 48, 48, 48, 48, 48, 48, 48, 40, 48, 48, 48, 48, 48, 48, 40, 48, 48, 48, 48, 40, 48, 48, 48, 48, 48, 48, 48, 48, 48, 8, 24, 8, 16, 0, 0, 32, 0, 0, 16, 8, 32, 48, 48, 16, 48, 48, 48, 48, 48, 40, 48, 48, 40, 24, 48, 16, 0, 48, 48, 48, 48, 48, 40, 48, 48, 48, 48, 48, 48, 0, 24, 48, 48, 48, 48, 48, 48, 40, 48, 48, 48, 48, 8, 0, 32, 40, 8, 24, 32, 0, 48, 0, 16, 48, 40, 24, 48, 40, 48, 48, 48, 48, 48, 48, 8, 24, 0, 32, 48, 48, 48, 48, 48, 48, 48, 40, 48, 24, 48, 48, 48, 48, 48, 48, 32, 48, 32, 32, 0, 24, 8, 0, 0, 16, 48, 48, 48, 48, 48, 48, 48, 40, 48, 32, 0, 16, 48, 40, 48, 0, 32, 48, 48, 32, 48, 0, 24, 24, 40, 48, 48, 48, 48, 48, 48, 48, 48, 48, 48, 48, 48, 48, 48, 40, 48, 24, 48, 24, 48, 48, 48, 48, 48, 48, 48, 48, 40, 24, 24, 48, 48, 48, 48, 48, 48, 24, 48, 0, 48, 24, 40, 48, 32, 16, 0, 8, 48, 48, 32, 40, 0, 0, 16, 48, 40, 24, 24, 48, 48, 48, 48, 24, 24, 40, 24, 48, 48, 32, 0, 16, 48, 48, 24, 40, 140, 142, 143, 140, 141, 142, 206, 204, 227, 219, 206, 227, 226, 204, 205, 204, 226, 227, 139, 141, 140, 137, 141, 139, 140, 138, 139, 141, 137, 136, 136, 142, 141, 138, 140, 143, 142, 138, 143, 138, 142, 136, 171, 170, 173, 170, 171, 172, 208, 205, 209, 205, 208, 226, 170, 168, 167, 168, 170, 172, 138, 137, 139, 136, 137, 138, 210, 208, 207, 207, 208, 209, 166, 168, 169, 168, 166, 167, 210, 207, 166, 210, 166, 169, 124, 125, 126, 125, 124, 127, 121, 127, 124, 127, 121, 123, 120, 127, 123, 121, 124, 122, 127, 120, 125, 124, 126, 122, 122, 126, 125, 125, 120, 122, 121, 120, 123, 120, 121, 122, 159, 153, 155, 153, 159, 156, 153, 152, 155, 152, 159, 155, 153, 156, 154, 152, 153, 154, 154, 156, 158, 156, 157, 158, 157, 156, 159, 159, 152, 157, 154, 158, 157, 157, 152, 154, 151, 145, 147, 145, 151, 148, 145, 148, 146, 144, 145, 146, 145, 144, 147, 144, 151, 147, 149, 148, 151, 151, 144, 149, 146, 148, 150, 148, 149, 150, 146, 150, 149, 149, 144, 146, 184, 172, 171, 226, 228, 227, 227, 218, 219, 191, 210, 169, 218, 227, 228, 190, 168, 172, 191, 169, 190, 168, 190, 169, 172, 184, 185, 210, 212, 211, 210, 211, 208, 212, 210, 191, 211, 226, 208, 226, 229, 228, 190, 172, 185, 226, 211, 229, 107, 108, 105, 105, 108, 110, 107, 109, 108, 108, 109, 110, 110, 109, 111, 111, 105, 110, 109, 107, 104, 105, 104, 107, 104, 105, 106, 105, 111, 106, 106, 109, 104, 109, 106, 111, 115, 116, 118, 113, 116, 115, 116, 117, 118, 117, 115, 118, 113, 119, 116, 117, 116, 119, 119, 113, 112, 114, 113, 115, 112, 113, 114, 115, 117, 114, 119, 114, 117, 114, 119, 112, 83, 86, 85, 81, 86, 83, 81, 84, 86, 85, 84, 87, 84, 85, 86, 87, 83, 85, 82, 81, 83, 83, 87, 82, 84, 81, 80, 80, 81, 82, 82, 84, 80, 84, 82, 87, 100, 101, 102, 101, 100, 103, 228, 217, 218, 217, 228, 231, 230, 231, 228, 228, 229, 230, 101, 98, 102, 98, 101, 96, 103, 97, 99, 97, 103, 100, 99, 101, 103, 102, 97, 100, 96, 101, 99, 97, 102, 98, 185, 184, 183, 183, 184, 182, 211, 230, 229, 230, 211, 214, 183, 190, 185, 190, 183, 188, 96, 97, 98, 97, 96, 99, 213, 214, 211, 212, 213, 211, 189, 191, 190, 189, 190, 188, 191, 189, 212, 213, 212, 189, 128, 134, 133, 133, 131, 128, 130, 134, 128, 131, 133, 129, 134, 130, 135, 132, 133, 134, 132, 134, 135, 129, 133, 132, 130, 132, 135, 132, 130, 129, 175, 171, 173, 219, 202, 206, 202, 204, 206, 174, 173, 170, 201, 205, 204, 203, 204, 202, 201, 204, 203, 173, 174, 175, 225, 205, 201, 51, 52, 49, 52, 51, 55, 54, 49, 52, 53, 52, 55, 52, 53, 54, 51, 53, 55, 49, 54, 50, 53, 51, 48, 50, 54, 48, 48, 54, 53, 63, 57, 61, 224, 207, 209, 224, 209, 225, 224, 166, 207, 166, 224, 164, 166, 165, 167, 166, 164, 165, 205, 225, 209, 165, 170, 167, 170, 165, 174, 129, 128, 131, 48, 49, 50, 128, 129, 130, 49, 48, 51, 175, 184, 171, 184, 181, 182, 181, 184, 175, 218, 202, 219, 202, 218, 217, 217, 196, 202, 88, 95, 91, 91, 95, 93, 93, 89, 91, 90, 95, 88, 89, 93, 92, 92, 93, 94, 93, 95, 94, 95, 90, 94, 89, 94, 90, 94, 89, 92, 231, 196, 217, 180, 183, 182, 214, 215, 230, 194, 231, 230, 196, 231, 193, 231, 194, 193, 180, 182, 181, 10, 15, 12, 15, 10, 9, 13, 12, 15, 9, 13, 15, 12, 13, 14, 14, 10, 12, 8, 13, 9, 10, 14, 11, 11, 14, 13, 13, 8, 11, 89, 88, 91, 88, 89, 90, 8, 9, 10, 8, 10, 11, 180, 188, 183, 188, 180, 187, 230, 215, 194, 186, 189, 188, 186, 188, 187, 216, 189, 186, 216, 213, 189, 213, 216, 215, 213, 215, 214, 57, 63, 59, 60, 59, 63, 61, 60, 63, 60, 61, 62, 57, 62, 61, 59, 60, 58, 57, 59, 58, 56, 57, 58, 62, 57, 56, 58, 60, 56, 56, 60, 62, 174, 176, 175, 202, 200, 203, 200, 202, 199, 201, 203, 200, 177, 176, 174, 200, 198, 201, 163, 174, 165, 174, 163, 177, 201, 223, 225, 223, 201, 198, 164, 163, 165, 164, 160, 163, 224, 222, 164, 164, 222, 160, 224, 225, 223, 222, 224, 223, 44, 46, 47, 44, 45, 46, 43, 44, 41, 44, 43, 45, 44, 42, 41, 40, 45, 43, 42, 44, 47, 45, 40, 46, 42, 47, 40, 40, 47, 46, 40, 41, 42, 41, 40, 43, 74, 78, 75, 78, 74, 76, 78, 72, 75, 72, 74, 75, 72, 73, 74, 73, 76, 74, 72, 78, 77, 77, 76, 79, 76, 77, 78, 76, 73, 79, 72, 77, 73, 73, 77, 79, 66, 70, 67, 70, 66, 68, 70, 64, 67, 64, 66, 67, 64, 65, 66, 65, 68, 66, 64, 70, 69, 68, 69, 70, 69, 68, 71, 68, 65, 71, 64, 69, 65, 65, 69, 71, 179, 175, 176, 192, 223, 198, 202, 197, 199, 195, 198, 200, 199, 195, 200, 198, 195, 192, 177, 178, 176, 197, 202, 196, 181, 175, 179, 195, 199, 197, 179, 176, 178, 25, 31, 28, 28, 26, 25, 28, 29, 30, 29, 28, 31, 30, 26, 28, 25, 29, 31, 26, 30, 24, 27, 29, 25, 27, 30, 29, 30, 27, 24, 35, 39, 36, 24, 25, 26, 25, 24, 27, 163, 178, 177, 178, 163, 162, 223, 192, 220, 160, 162, 163, 160, 161, 162, 221, 160, 222, 160, 221, 161, 220, 222, 223, 222, 220, 221, 36, 34, 35, 35, 37, 39, 37, 36, 39, 36, 37, 38, 38, 34, 36, 33, 37, 35, 32, 33, 34, 33, 35, 34, 34, 38, 32, 33, 38, 37, 38, 33, 32, 3, 5, 4, 4, 2, 3, 7, 5, 3, 4, 5, 6, 5, 7, 6, 6, 2, 4, 1, 7, 3, 1, 3, 2, 0, 1, 2, 2, 6, 0, 1, 6, 7, 6, 1, 0, 18, 23, 20, 23, 18, 17, 21, 20, 23, 17, 21, 23, 22, 18, 20, 20, 21, 22, 16, 17, 18, 16, 21, 17, 18, 22, 19, 16, 18, 19, 19, 22, 21, 21, 16, 19, 179, 180, 181, 196, 195, 197, 193, 195, 196, 180, 179, 178, 193, 192, 195, 192, 193, 194, 162, 180, 178, 180, 162, 187, 194, 220, 192, 220, 194, 215, 186, 162, 161, 162, 186, 187, 221, 186, 161, 186, 221, 216, 216, 220, 215, 221, 220, 216, 1, 0, 0, 128, 12, 0, 0, 0, 11, 0, 0, 0, 0, 0, 0, 0, 6, 0, 0, 0, 10, 0, 0, 0, 0, 0, 0, 128, 0, 0, 0, 0, 156, 0, 0, 0, 5, 0, 0, 0, 3, 0, 0, 128, 0, 0, 0, 0, 155, 0, 0, 0, 2, 0, 0, 128, 66, 0, 0, 0, 0, 0, 0, 0, 5, 0, 0, 128, 158, 0, 0, 0, 17, 0, 0, 128, 0, 0, 0, 0, 4, 0, 0, 128, 65, 0, 0, 0, 2, 0, 0, 0, 0, 0, 0, 0, 7, 0, 0, 0, 1, 0, 0, 0, 8, 0, 0, 0, 0, 0, 0, 0, 9, 0, 0, 0, 6, 0, 0, 0, 20, 0, 0, 0, 0, 0, 0, 0, 11, 0, 0, 128, 20, 0, 0, 0, 6, 0, 0, 0, 0, 0, 0, 0, 7, 0, 0, 0, 21, 0, 0, 0, 10, 0, 0, 0, 0, 0, 0, 0, 13, 0, 0, 0, 1, 0, 0, 0, 9, 0, 0, 0, 0, 0, 0, 0, 8, 0, 0, 128, 0, 0, 0, 0, 12, 0, 0, 0, 0, 0, 0, 0, 13, 0, 0, 128, 11, 0, 0, 0, 0, 0, 0, 0, 0, 0, 0, 0, 12, 0, 0, 128, 10, 0, 0, 0, 21, 0, 0, 0, 0, 0, 0, 0, 15, 0, 0, 128, 157, 0, 0, 128, 154, 0, 0, 128, 0, 0, 0, 0, 14, 0, 0, 0, 64, 0, 0, 128, 19, 0, 0, 0, 0, 0, 0, 0, 17, 0, 0, 128, 180, 0, 0, 128, 23, 0, 0, 0, 0, 0, 0, 0, 16, 0, 0, 128, 76, 0, 0, 128, 4, 0, 0, 128, 0, 0, 0, 0, 19, 0, 0, 0, 25, 0, 0, 0, 181, 0, 0, 0, 0, 0, 0, 0, 18, 0, 0, 0, 15, 0, 0, 0, 69, 0, 0, 128, 0, 0, 0, 0, 21, 0, 0, 0, 7, 0, 0, 0, 8, 0, 0, 0, 0, 0, 0, 0, 9, 0, 0, 0, 20, 0, 0, 0, 13, 0, 0, 0, 0, 0, 0, 0, 74, 0, 0, 0, 23, 0, 0, 128, 26, 0, 0, 0, 0, 0, 0, 0, 22, 0, 0, 128, 16, 0, 0, 0, 174, 0, 0, 0, 0, 0, 0, 0, 25, 0, 0, 128, 71, 0, 0, 128, 27, 0, 0, 0, 0, 0, 0, 0, 24, 0, 0, 128, 178, 0, 0, 128, 18, 0, 0, 0, 0, 0, 0, 0, 22, 0, 0, 0, 176, 0, 0, 128, 27, 0, 0, 128, 0, 0, 0, 0, 26, 0, 0, 128, 24, 0, 0, 0, 67, 0, 0, 128, 0, 0, 0, 0, 29, 0, 0, 128, 36, 0, 0, 0, 35, 0, 0, 0, 0, 0, 0, 0, 28, 0, 0, 128, 30, 0, 0, 0, 34, 0, 0, 0, 0, 0, 0, 0, 31, 0, 0, 128, 29, 0, 0, 0, 33, 0, 0, 0, 0, 0, 0, 0, 30, 0, 0, 128, 38, 0, 0, 0, 32, 0, 0, 0, 0, 0, 0, 0, 34, 0, 0, 128, 31, 0, 0, 0, 38, 0, 0, 0, 0, 0, 0, 0, 30, 0, 0, 0, 35, 0, 0, 128, 39, 0, 0, 0, 0, 0, 0, 0, 32, 0, 0, 128, 37, 0, 0, 0, 29, 0, 0, 0, 0, 0, 0, 0, 28, 0, 0, 0, 36, 0, 0, 0, 33, 0, 0, 0, 0, 0, 0, 0, 35, 0, 0, 0, 28, 0, 0, 0, 37, 0, 0, 128, 0, 0, 0, 0, 34, 0, 0, 0, 39, 0, 0, 0, 36, 0, 0, 128, 0, 0, 0, 0, 39, 0, 0, 128, 32, 0, 0, 0, 31, 0, 0, 0, 0, 0, 0, 0, 38, 0, 0, 128, 33, 0, 0, 0, 37, 0, 0, 0, 0, 0, 0, 0, 41, 0, 0, 128, 42, 0, 0, 0, 43, 0, 0, 0, 0, 0, 0, 0, 40, 0, 0, 128, 48, 0, 0, 0, 44, 0, 0, 0, 0, 0, 0, 0, 45, 0, 0, 128, 43, 0, 0, 0, 40, 0, 0, 0, 0, 0, 0, 0, 49, 0, 0, 128, 40, 0, 0, 0, 42, 0, 0, 0, 0, 0, 0, 0, 41, 0, 0, 0, 46, 0, 0, 128, 45, 0, 0, 0, 0, 0, 0, 0, 42, 0, 0, 128, 44, 0, 0, 0, 51, 0, 0, 0, 0, 0, 0, 0, 44, 0, 0, 128, 47, 0, 0, 0, 50, 0, 0, 0, 0, 0, 0, 0, 48, 0, 0, 128, 50, 0, 0, 0, 46, 0, 0, 0, 0, 0, 0, 0, 47, 0, 0, 128, 41, 0, 0, 0, 49, 0, 0, 0, 0, 0, 0, 0, 43, 0, 0, 0, 51, 0, 0, 0, 48, 0, 0, 0, 0, 0, 0, 0, 46, 0, 0, 0, 47, 0, 0, 0, 51, 0, 0, 128, 0, 0, 0, 0, 49, 0, 0, 0, 45, 0, 0, 0, 50, 0, 0, 128, 0, 0, 0, 0, 53, 0, 0, 0, 56, 0, 0, 0, 57, 0, 0, 0, 0, 0, 0, 0, 52, 0, 0, 0, 58, 0, 0, 0, 54, 0, 0, 0, 0, 0, 0, 0, 53, 0, 0, 0, 60, 0, 0, 128, 55, 0, 0, 0, 0, 0, 0, 0, 56, 0, 0, 128, 54, 0, 0, 0, 63, 0, 0, 0, 0, 0, 0, 0, 55, 0, 0, 128, 57, 0, 0, 0, 52, 0, 0, 0, 0, 0, 0, 0, 59, 0, 0, 128, 52, 0, 0, 0, 56, 0, 0, 0, 0, 0, 0, 0, 61, 0, 0, 128, 53, 0, 0, 0, 59, 0, 0, 0, 0, 0, 0, 0, 57, 0, 0, 0, 63, 0, 0, 0, 58, 0, 0, 0, 0, 0, 0, 0, 54, 0, 0, 0, 61, 0, 0, 0, 62, 0, 0, 0, 0, 0, 0, 0, 58, 0, 0, 128, 62, 0, 0, 0, 60, 0, 0, 0, 0, 0, 0, 0, 60, 0, 0, 0, 61, 0, 0, 0, 63, 0, 0, 0, 0, 0, 0, 0, 59, 0, 0, 0, 55, 0, 0, 0, 62, 0, 0, 0, 0, 0, 0, 0, 72, 0, 0, 0, 15, 0, 0, 128, 187, 0, 0, 128, 0, 0, 0, 0, 77, 0, 0, 128, 68, 0, 0, 0, 5, 0, 0, 0, 0, 0, 0, 0, 68, 0, 0, 128, 190, 0, 0, 0, 3, 0, 0, 0, 0, 0, 0, 0, 75, 0, 0, 128, 27, 0, 0, 128, 70, 0, 0, 0, 0, 0, 0, 0, 66, 0, 0, 128, 65, 0, 0, 0, 118, 0, 0, 0, 0, 0, 0, 0, 71, 0, 0, 0, 19, 0, 0, 128, 78, 0, 0, 128, 0, 0, 0, 0, 67, 0, 0, 0, 71, 0, 0, 128, 140, 0, 0, 128, 0, 0, 0, 0, 69, 0, 0, 0, 70, 0, 0, 128, 24, 0, 0, 128, 0, 0, 0, 0, 64, 0, 0, 0, 130, 0, 0, 128, 78, 0, 0, 0, 0, 0, 0, 0, 75, 0, 0, 0, 139, 0, 0, 0, 74, 0, 0, 128, 0, 0, 0, 0, 73, 0, 0, 128, 76, 0, 0, 0, 22, 0, 0, 0, 0, 0, 0, 0, 73, 0, 0, 0, 67, 0, 0, 128, 142, 0, 0, 128, 0, 0, 0, 0, 79, 0, 0, 128, 17, 0, 0, 128, 74, 0, 0, 0, 0, 0, 0, 0, 79, 0, 0, 128, 121, 0, 0, 0, 65, 0, 0, 128, 0, 0, 0, 0, 69, 0, 0, 128, 72, 0, 0, 0, 134, 0, 0, 128, 0, 0, 0, 0, 76, 0, 0, 128, 132, 0, 0, 128, 77, 0, 0, 128, 0, 0, 0, 0, 82, 0, 0, 0, 81, 0, 0, 128, 87, 0, 0, 0, 0, 0, 0, 0, 80, 0, 0, 128, 83, 0, 0, 0, 85, 0, 0, 0, 0, 0, 0, 0, 86, 0, 0, 128, 83, 0, 0, 0, 80, 0, 0, 0, 0, 0, 0, 0, 82, 0, 0, 0, 84, 0, 0, 128, 81, 0, 0, 0, 0, 0, 0, 0, 83, 0, 0, 128, 91, 0, 0, 0, 85, 0, 0, 0, 0, 0, 0, 0, 89, 0, 0, 0, 81, 0, 0, 0, 84, 0, 0, 0, 0, 0, 0, 0, 82, 0, 0, 128, 87, 0, 0, 0, 90, 0, 0, 0, 0, 0, 0, 0, 88, 0, 0, 128, 86, 0, 0, 0, 80, 0, 0, 0, 0, 0, 0, 0, 87, 0, 0, 128, 89, 0, 0, 0, 90, 0, 0, 0, 0, 0, 0, 0, 85, 0, 0, 128, 91, 0, 0, 0, 88, 0, 0, 0, 0, 0, 0, 0, 91, 0, 0, 0, 86, 0, 0, 0, 88, 0, 0, 0, 0, 0, 0, 0, 90, 0, 0, 0, 89, 0, 0, 0, 84, 0, 0, 0, 0, 0, 0, 0, 93, 0, 0, 128, 94, 0, 0, 0, 95, 0, 0, 0, 0, 0, 0, 0, 96, 0, 0, 0, 92, 0, 0, 128, 99, 0, 0, 0, 0, 0, 0, 0, 97, 0, 0, 128, 95, 0, 0, 0, 92, 0, 0, 0, 0, 0, 0, 0, 101, 0, 0, 128, 92, 0, 0, 0, 94, 0, 0, 0, 0, 0, 0, 0, 98, 0, 0, 128, 97, 0, 0, 0, 93, 0, 0, 0, 0, 0, 0, 0, 94, 0, 0, 128, 96, 0, 0, 0, 102, 0, 0, 0, 0, 0, 0, 0, 96, 0, 0, 128, 100, 0, 0, 0, 103, 0, 0, 0, 0, 0, 0, 0, 100, 0, 0, 128, 93, 0, 0, 0, 101, 0, 0, 0, 0, 0, 0, 0, 98, 0, 0, 0, 99, 0, 0, 128, 103, 0, 0, 0, 0, 0, 0, 0, 95, 0, 0, 128, 102, 0, 0, 0, 99, 0, 0, 0, 0, 0, 0, 0, 103, 0, 0, 128, 101, 0, 0, 0, 97, 0, 0, 0, 0, 0, 0, 0, 102, 0, 0, 0, 98, 0, 0, 0, 100, 0, 0, 0, 0, 0, 0, 0, 105, 0, 0, 0, 108, 0, 0, 0, 109, 0, 0, 0, 0, 0, 0, 0, 106, 0, 0, 0, 104, 0, 0, 0, 110, 0, 0, 0, 0, 0, 0, 0, 112, 0, 0, 128, 108, 0, 0, 0, 105, 0, 0, 0, 0, 0, 0, 0, 108, 0, 0, 128, 115, 0, 0, 0, 109, 0, 0, 0, 0, 0, 0, 0, 107, 0, 0, 128, 104, 0, 0, 0, 106, 0, 0, 0, 0, 0, 0, 0, 111, 0, 0, 128, 104, 0, 0, 0, 107, 0, 0, 0, 0, 0, 0, 0, 113, 0, 0, 128, 105, 0, 0, 0, 111, 0, 0, 0, 0, 0, 0, 0, 109, 0, 0, 128, 115, 0, 0, 0, 110, 0, 0, 0, 0, 0, 0, 0, 106, 0, 0, 128, 113, 0, 0, 0, 114, 0, 0, 0, 0, 0, 0, 0, 112, 0, 0, 0, 110, 0, 0, 128, 114, 0, 0, 0, 0, 0, 0, 0, 115, 0, 0, 128, 112, 0, 0, 0, 113, 0, 0, 0, 0, 0, 0, 0, 114, 0, 0, 128, 111, 0, 0, 0, 107, 0, 0, 0, 0, 0, 0, 0, 117, 0, 0, 128, 122, 0, 0, 0, 127, 0, 0, 0, 0, 0, 0, 0, 116, 0, 0, 128, 125, 0, 0, 0, 126, 0, 0, 0, 0, 0, 0, 0, 119, 0, 0, 128, 191, 0, 0, 0, 68, 0, 0, 0, 0, 0, 0, 0, 118, 0, 0, 128, 120, 0, 0, 0, 203, 0, 0, 0, 0, 0, 0, 0, 206, 0, 0, 0, 119, 0, 0, 0, 121, 0, 0, 128, 0, 0, 0, 0, 77, 0, 0, 0, 132, 0, 0, 128, 120, 0, 0, 128, 0, 0, 0, 0, 123, 0, 0, 128, 129, 0, 0, 0, 116, 0, 0, 0, 0, 0, 0, 0, 122, 0, 0, 128, 128, 0, 0, 0, 136, 0, 0, 0, 0, 0, 0, 0, 125, 0, 0, 128, 137, 0, 0, 0, 126, 0, 0, 0, 0, 0, 0, 0, 124, 0, 0, 128, 117, 0, 0, 0, 127, 0, 0, 0, 0, 0, 0, 0, 128, 0, 0, 0, 117, 0, 0, 0, 124, 0, 0, 0, 0, 0, 0, 0, 129, 0, 0, 128, 125, 0, 0, 0, 116, 0, 0, 0, 0, 0, 0, 0, 123, 0, 0, 0, 126, 0, 0, 0, 137, 0, 0, 0, 0, 0, 0, 0, 127, 0, 0, 128, 122, 0, 0, 0, 136, 0, 0, 0, 0, 0, 0, 0, 72, 0, 0, 128, 131, 0, 0, 0, 134, 0, 0, 0, 0, 0, 0, 0, 130, 0, 0, 0, 188, 0, 0, 128, 204, 0, 0, 128, 0, 0, 0, 0, 133, 0, 0, 128, 121, 0, 0, 128, 79, 0, 0, 128, 0, 0, 0, 0, 132, 0, 0, 128, 138, 0, 0, 0, 205, 0, 0, 128, 0, 0, 0, 0, 135, 0, 0, 128, 78, 0, 0, 128, 130, 0, 0, 0, 0, 0, 0, 0, 134, 0, 0, 128, 224, 0, 0, 128, 141, 0, 0, 0, 0, 0, 0, 0, 137, 0, 0, 0, 129, 0, 0, 0, 123, 0, 0, 0, 0, 0, 0, 0, 136, 0, 0, 0, 128, 0, 0, 0, 124, 0, 0, 0, 0, 0, 0, 0, 232, 0, 0, 0, 133, 0, 0, 0, 139, 0, 0, 128, 0, 0, 0, 0, 143, 0, 0, 0, 138, 0, 0, 128, 73, 0, 0, 0, 0, 0, 0, 0, 142, 0, 0, 0, 70, 0, 0, 128, 141, 0, 0, 128, 0, 0, 0, 0, 140, 0, 0, 128, 135, 0, 0, 0, 227, 0, 0, 128, 0, 0, 0, 0, 140, 0, 0, 0, 143, 0, 0, 128, 75, 0, 0, 128, 0, 0, 0, 0, 139, 0, 0, 0, 142, 0, 0, 128, 230, 0, 0, 128, 0, 0, 0, 0, 146, 0, 0, 0, 149, 0, 0, 0, 145, 0, 0, 0, 0, 0, 0, 0, 147, 0, 0, 0, 183, 0, 0, 0, 144, 0, 0, 0, 0, 0, 0, 0, 148, 0, 0, 0, 144, 0, 0, 0, 185, 0, 0, 0, 0, 0, 0, 0, 145, 0, 0, 0, 151, 0, 0, 0, 183, 0, 0, 0, 0, 0, 0, 0, 146, 0, 0, 0, 152, 0, 0, 0, 150, 0, 0, 0, 0, 0, 0, 0, 151, 0, 0, 0, 144, 0, 0, 0, 150, 0, 0, 128, 0, 0, 0, 0, 149, 0, 0, 128, 148, 0, 0, 0, 152, 0, 0, 0, 0, 0, 0, 0, 147, 0, 0, 0, 149, 0, 0, 0, 153, 0, 0, 0, 0, 0, 0, 0, 153, 0, 0, 128, 150, 0, 0, 0, 148, 0, 0, 0, 0, 0, 0, 0, 152, 0, 0, 128, 185, 0, 0, 0, 151, 0, 0, 0, 0, 0, 0, 0, 187, 0, 0, 128, 14, 0, 0, 128, 161, 0, 0, 128, 0, 0, 0, 0, 190, 0, 0, 128, 156, 0, 0, 0, 3, 0, 0, 0, 0, 0, 0, 0, 159, 0, 0, 128, 2, 0, 0, 0, 155, 0, 0, 0, 0, 0, 0, 0, 161, 0, 0, 128, 14, 0, 0, 128, 182, 0, 0, 0, 0, 0, 0, 0, 162, 0, 0, 128, 4, 0, 0, 0, 160, 0, 0, 128, 0, 0, 0, 0, 160, 0, 0, 0, 156, 0, 0, 0, 245, 0, 0, 0, 0, 0, 0, 0, 158, 0, 0, 128, 159, 0, 0, 0, 247, 0, 0, 0, 0, 0, 0, 0, 157, 0, 0, 128, 244, 0, 0, 128, 154, 0, 0, 128, 0, 0, 0, 0, 180, 0, 0, 128, 158, 0, 0, 128, 252, 0, 0, 128, 0, 0, 0, 0, 164, 0, 0, 128, 165, 0, 0, 0, 186, 0, 0, 0, 0, 0, 0, 0, 163, 0, 0, 128, 168, 0, 0, 0, 166, 0, 0, 0, 0, 0, 0, 0, 169, 0, 0, 0, 163, 0, 0, 0, 167, 0, 0, 0, 0, 0, 0, 0, 167, 0, 0, 128, 164, 0, 0, 0, 168, 0, 0, 0, 0, 0, 0, 0, 166, 0, 0, 128, 172, 0, 0, 0, 165, 0, 0, 0, 0, 0, 0, 0, 170, 0, 0, 0, 166, 0, 0, 0, 164, 0, 0, 0, 0, 0, 0, 0, 165, 0, 0, 0, 171, 0, 0, 0, 184, 0, 0, 0, 0, 0, 0, 0, 168, 0, 0, 0, 186, 0, 0, 0, 172, 0, 0, 0, 0, 0, 0, 0, 169, 0, 0, 0, 172, 0, 0, 128, 184, 0, 0, 0, 0, 0, 0, 0, 171, 0, 0, 128, 167, 0, 0, 0, 170, 0, 0, 0, 0, 0, 0, 0, 233, 0, 0, 0, 237, 0, 0, 0, 235, 0, 0, 0, 0, 0, 0, 0, 176, 0, 0, 0, 23, 0, 0, 0, 175, 0, 0, 128, 0, 0, 0, 0, 174, 0, 0, 128, 180, 0, 0, 0, 2, 1, 0, 0, 0, 0, 0, 0, 177, 0, 0, 128, 26, 0, 0, 128, 174, 0, 0, 0, 0, 0, 0, 0, 176, 0, 0, 128, 0, 1, 0, 128, 179, 0, 0, 0, 0, 0, 0, 0, 179, 0, 0, 128, 181, 0, 0, 0, 25, 0, 0, 128, 0, 0, 0, 0, 177, 0, 0, 0, 254, 0, 0, 128, 178, 0, 0, 128, 0, 0, 0, 0, 162, 0, 0, 128, 175, 0, 0, 0, 16, 0, 0, 128, 0, 0, 0, 0, 182, 0, 0, 0, 18, 0, 0, 0, 178, 0, 0, 0, 0, 0, 0, 0, 181, 0, 0, 0, 250, 0, 0, 128, 157, 0, 0, 0, 0, 0, 0, 0, 185, 0, 0, 128, 145, 0, 0, 0, 147, 0, 0, 0, 0, 0, 0, 0, 186, 0, 0, 128, 169, 0, 0, 0, 171, 0, 0, 0, 0, 0, 0, 0, 183, 0, 0, 128, 153, 0, 0, 0, 146, 0, 0, 0, 0, 0, 0, 0, 184, 0, 0, 128, 170, 0, 0, 0, 163, 0, 0, 0, 0, 0, 0, 0, 189, 0, 0, 128, 64, 0, 0, 128, 154, 0, 0, 128, 0, 0, 0, 0, 189, 0, 0, 128, 209, 0, 0, 128, 131, 0, 0, 128, 0, 0, 0, 0, 188, 0, 0, 128, 187, 0, 0, 128, 48, 1, 0, 128, 0, 0, 0, 0, 191, 0, 0, 128, 155, 0, 0, 128, 66, 0, 0, 0, 0, 0, 0, 0, 190, 0, 0, 128, 118, 0, 0, 0, 192, 0, 0, 128, 0, 0, 0, 0, 203, 0, 0, 0, 47, 1, 0, 128, 191, 0, 0, 128, 0, 0, 0, 0, 196, 0, 0, 0, 194, 0, 0, 0, 220, 0, 0, 0, 0, 0, 0, 0, 193, 0, 0, 0, 199, 0, 0, 0, 195, 0, 0, 0, 0, 0, 0, 0, 197, 0, 0, 128, 220, 0, 0, 0, 194, 0, 0, 0, 0, 0, 0, 0, 200, 0, 0, 128, 193, 0, 0, 0, 221, 0, 0, 0, 0, 0, 0, 0, 195, 0, 0, 128, 198, 0, 0, 0, 202, 0, 0, 0, 0, 0, 0, 0, 197, 0, 0, 0, 199, 0, 0, 128, 202, 0, 0, 0, 0, 0, 0, 0, 194, 0, 0, 0, 200, 0, 0, 0, 198, 0, 0, 128, 0, 0, 0, 0, 196, 0, 0, 0, 201, 0, 0, 0, 199, 0, 0, 0, 0, 0, 0, 0, 202, 0, 0, 128, 200, 0, 0, 0, 221, 0, 0, 0, 0, 0, 0, 0, 201, 0, 0, 128, 197, 0, 0, 0, 198, 0, 0, 0, 0, 0, 0, 0, 207, 0, 0, 128, 192, 0, 0, 0, 119, 0, 0, 0, 0, 0, 0, 0, 224, 0, 0, 0, 131, 0, 0, 128, 209, 0, 0, 128, 0, 0, 0, 0, 232, 0, 0, 0, 226, 0, 0, 128, 133, 0, 0, 128, 0, 0, 0, 0, 208, 0, 0, 128, 120, 0, 0, 0, 226, 0, 0, 128, 0, 0, 0, 0, 203, 0, 0, 128, 208, 0, 0, 0, 110, 1, 0, 0, 0, 0, 0, 0, 206, 0, 0, 128, 113, 1, 0, 0, 207, 0, 0, 0, 0, 0, 0, 0, 204, 0, 0, 128, 188, 0, 0, 128, 108, 1, 0, 128, 0, 0, 0, 0, 211, 0, 0, 128, 212, 0, 0, 0, 215, 0, 0, 0, 0, 0, 0, 0, 210, 0, 0, 128, 222, 0, 0, 0, 213, 0, 0, 0, 0, 0, 0, 0, 214, 0, 0, 128, 210, 0, 0, 0, 213, 0, 0, 0, 0, 0, 0, 0, 216, 0, 0, 128, 212, 0, 0, 0, 211, 0, 0, 0, 0, 0, 0, 0, 212, 0, 0, 128, 218, 0, 0, 0, 215, 0, 0, 0, 0, 0, 0, 0, 217, 0, 0, 128, 210, 0, 0, 0, 214, 0, 0, 0, 0, 0, 0, 0, 219, 0, 0, 0, 213, 0, 0, 128, 222, 0, 0, 0, 0, 0, 0, 0, 215, 0, 0, 128, 218, 0, 0, 0, 223, 0, 0, 0, 0, 0, 0, 0, 217, 0, 0, 0, 214, 0, 0, 0, 219, 0, 0, 0, 0, 0, 0, 0, 216, 0, 0, 0, 223, 0, 0, 0, 218, 0, 0, 0, 0, 0, 0, 0, 221, 0, 0, 128, 193, 0, 0, 0, 195, 0, 0, 0, 0, 0, 0, 0, 220, 0, 0, 128, 201, 0, 0, 0, 196, 0, 0, 0, 0, 0, 0, 0, 216, 0, 0, 0, 211, 0, 0, 0, 223, 0, 0, 128, 0, 0, 0, 0, 222, 0, 0, 128, 217, 0, 0, 0, 219, 0, 0, 0, 0, 0, 0, 0, 225, 0, 0, 128, 135, 0, 0, 128, 204, 0, 0, 0, 0, 0, 0, 0, 224, 0, 0, 128, 115, 1, 0, 128, 228, 0, 0, 0, 0, 0, 0, 0, 205, 0, 0, 128, 117, 1, 0, 128, 206, 0, 0, 128, 0, 0, 0, 0, 229, 0, 0, 0, 141, 0, 0, 128, 228, 0, 0, 128, 0, 0, 0, 0, 227, 0, 0, 128, 225, 0, 0, 0, 119, 1, 0, 128, 0, 0, 0, 0, 230, 0, 0, 128, 227, 0, 0, 0, 121, 1, 0, 128, 0, 0, 0, 0, 231, 0, 0, 0, 143, 0, 0, 128, 229, 0, 0, 128, 0, 0, 0, 0, 230, 0, 0, 0, 122, 1, 0, 0, 232, 0, 0, 128, 0, 0, 0, 0, 231, 0, 0, 128, 205, 0, 0, 0, 138, 0, 0, 0, 0, 0, 0, 0, 173, 0, 0, 0, 234, 0, 0, 0, 239, 0, 0, 0, 0, 0, 0, 0, 238, 0, 0, 0, 233, 0, 0, 0, 235, 0, 0, 0, 0, 0, 0, 0, 236, 0, 0, 128, 234, 0, 0, 0, 173, 0, 0, 0, 0, 0, 0, 0, 235, 0, 0, 128, 237, 0, 0, 0, 243, 0, 0, 0, 0, 0, 0, 0, 241, 0, 0, 0, 236, 0, 0, 0, 173, 0, 0, 0, 0, 0, 0, 0, 234, 0, 0, 0, 242, 0, 0, 0, 239, 0, 0, 0, 0, 0, 0, 0, 233, 0, 0, 0, 238, 0, 0, 0, 240, 0, 0, 128, 0, 0, 0, 0, 241, 0, 0, 0, 239, 0, 0, 128, 242, 0, 0, 0, 0, 0, 0, 0, 237, 0, 0, 0, 240, 0, 0, 0, 243, 0, 0, 0, 0, 0, 0, 0, 238, 0, 0, 0, 243, 0, 0, 0, 240, 0, 0, 0, 0, 0, 0, 0, 242, 0, 0, 0, 236, 0, 0, 0, 241, 0, 0, 0, 0, 0, 0, 0, 248, 0, 0, 128, 40, 1, 0, 128, 161, 0, 0, 128, 0, 0, 0, 0, 246, 0, 0, 128, 247, 0, 0, 0, 159, 0, 0, 0, 0, 0, 0, 0, 245, 0, 0, 128, 42, 1, 0, 0, 44, 1, 0, 0, 0, 0, 0, 0, 160, 0, 0, 0, 245, 0, 0, 0, 249, 0, 0, 128, 0, 0, 0, 0, 46, 1, 0, 128, 244, 0, 0, 128, 251, 0, 0, 0, 0, 0, 0, 0, 43, 1, 0, 0, 253, 0, 0, 128, 247, 0, 0, 128, 0, 0, 0, 0, 251, 0, 0, 128, 182, 0, 0, 128, 254, 0, 0, 0, 0, 0, 0, 0, 250, 0, 0, 128, 64, 1, 0, 128, 248, 0, 0, 0, 0, 0, 0, 0, 253, 0, 0, 128, 2, 1, 0, 0, 162, 0, 0, 128, 0, 0, 0, 0, 252, 0, 0, 128, 249, 0, 0, 128, 41, 1, 0, 128, 0, 0, 0, 0, 255, 0, 0, 128, 250, 0, 0, 0, 179, 0, 0, 128, 0, 0, 0, 0, 1, 1, 0, 0, 67, 1, 0, 128, 254, 0, 0, 128, 0, 0, 0, 0, 3, 1, 0, 0, 1, 1, 0, 128, 177, 0, 0, 128, 0, 0, 0, 0, 0, 1, 0, 128, 69, 1, 0, 128, 255, 0, 0, 0, 0, 0, 0, 0, 175, 0, 0, 0, 252, 0, 0, 0, 3, 1, 0, 128, 0, 0, 0, 0, 0, 1, 0, 0, 2, 1, 0, 128, 71, 1, 0, 0, 0, 0, 0, 0, 5, 1, 0, 128, 13, 1, 0, 0, 10, 1, 0, 0, 0, 0, 0, 0, 7, 1, 0, 0, 11, 1, 0, 0, 4, 1, 0, 128, 0, 0, 0, 0, 7, 1, 0, 128, 8, 1, 0, 0, 15, 1, 0, 0, 0, 0, 0, 0, 6, 1, 0, 128, 9, 1, 0, 0, 5, 1, 0, 0, 0, 0, 0, 0, 10, 1, 0, 128, 14, 1, 0, 0, 6, 1, 0, 0, 0, 0, 0, 0, 11, 1, 0, 128, 7, 1, 0, 0, 15, 1, 0, 0, 0, 0, 0, 0, 8, 1, 0, 128, 4, 1, 0, 0, 12, 1, 0, 0, 0, 0, 0, 0, 9, 1, 0, 128, 13, 1, 0, 0, 5, 1, 0, 0, 0, 0, 0, 0, 10, 1, 0, 0, 13, 1, 0, 128, 14, 1, 0, 0, 0, 0, 0, 0, 12, 1, 0, 128, 4, 1, 0, 0, 11, 1, 0, 0, 0, 0, 0, 0, 15, 1, 0, 128, 8, 1, 0, 0, 12, 1, 0, 0, 0, 0, 0, 0, 14, 1, 0, 128, 9, 1, 0, 0, 6, 1, 0, 0, 0, 0, 0, 0, 17, 1, 0, 128, 18, 1, 0, 0, 19, 1, 0, 0, 0, 0, 0, 0, 16, 1, 0, 128, 21, 1, 0, 0, 24, 1, 0, 0, 0, 0, 0, 0, 22, 1, 0, 128, 19, 1, 0, 0, 16, 1, 0, 0, 0, 0, 0, 0, 20, 1, 0, 128, 16, 1, 0, 0, 18, 1, 0, 0, 0, 0, 0, 0, 26, 1, 0, 0, 21, 1, 0, 0, 19, 1, 0, 128, 0, 0, 0, 0, 25, 1, 0, 128, 17, 1, 0, 0, 20, 1, 0, 0, 0, 0, 0, 0, 18, 1, 0, 128, 24, 1, 0, 0, 26, 1, 0, 0, 0, 0, 0, 0, 24, 1, 0, 128, 25, 1, 0, 0, 27, 1, 0, 0, 0, 0, 0, 0, 23, 1, 0, 128, 22, 1, 0, 0, 17, 1, 0, 0, 0, 0, 0, 0, 21, 1, 0, 128, 27, 1, 0, 0, 23, 1, 0, 0, 0, 0, 0, 0, 22, 1, 0, 0, 27, 1, 0, 0, 20, 1, 0, 0, 0, 0, 0, 0, 26, 1, 0, 128, 23, 1, 0, 0, 25, 1, 0, 0, 0, 0, 0, 0, 29, 1, 0, 128, 30, 1, 0, 0, 31, 1, 0, 0, 0, 0, 0, 0, 28, 1, 0, 128, 33, 1, 0, 0, 35, 1, 0, 0, 0, 0, 0, 0, 34, 1, 0, 128, 31, 1, 0, 0, 28, 1, 0, 0, 0, 0, 0, 0, 32, 1, 0, 128, 28, 1, 0, 0, 30, 1, 0, 0, 0, 0, 0, 0, 38, 1, 0, 0, 33, 1, 0, 0, 31, 1, 0, 128, 0, 0, 0, 0, 37, 1, 0, 0, 29, 1, 0, 0, 32, 1, 0, 0, 0, 0, 0, 0, 30, 1, 0, 128, 35, 1, 0, 0, 38, 1, 0, 0, 0, 0, 0, 0, 36, 1, 0, 128, 34, 1, 0, 0, 29, 1, 0, 0, 0, 0, 0, 0, 35, 1, 0, 128, 37, 1, 0, 0, 39, 1, 0, 0, 0, 0, 0, 0, 33, 1, 0, 0, 39, 1, 0, 0, 36, 1, 0, 0, 0, 0, 0, 0, 34, 1, 0, 0, 39, 1, 0, 128, 32, 1, 0, 0, 0, 0, 0, 0, 38, 1, 0, 128, 36, 1, 0, 0, 37, 1, 0, 0, 0, 0, 0, 0, 48, 1, 0, 128, 244, 0, 0, 128, 50, 1, 0, 128, 0, 0, 0, 0, 66, 1, 0, 128, 253, 0, 0, 128, 45, 1, 0, 128, 0, 0, 0, 0, 47, 1, 0, 128, 49, 1, 0, 0, 246, 0, 0, 0, 0, 0, 0, 0, 45, 1, 0, 128, 249, 0, 0, 0, 44, 1, 0, 0, 0, 0, 0, 0, 49, 1, 0, 128, 43, 1, 0, 0, 246, 0, 0, 0, 0, 0, 0, 0, 43, 1, 0, 128, 112, 1, 0, 0, 41, 1, 0, 128, 0, 0, 0, 0, 64, 1, 0, 0, 50, 1, 0, 0, 248, 0, 0, 128, 0, 0, 0, 0, 42, 1, 0, 128, 192, 0, 0, 128, 109, 1, 0, 0, 0, 0, 0, 0, 189, 0, 0, 128, 40, 1, 0, 128, 108, 1, 0, 128, 0, 0, 0, 0, 44, 1, 0, 128, 42, 1, 0, 0, 109, 1, 0, 0, 0, 0, 0, 0, 40, 1, 0, 128, 46, 1, 0, 128, 111, 1, 0, 128, 0, 0, 0, 0, 56, 1, 0, 0, 54, 1, 0, 0, 52, 1, 0, 128, 0, 0, 0, 0, 55, 1, 0, 0, 62, 1, 0, 0, 51, 1, 0, 128, 0, 0, 0, 0, 54, 1, 0, 128, 59, 1, 0, 0, 55, 1, 0, 0, 0, 0, 0, 0, 53, 1, 0, 128, 51, 1, 0, 0, 56, 1, 0, 0, 0, 0, 0, 0, 57, 1, 0, 0, 52, 1, 0, 0, 53, 1, 0, 0, 0, 0, 0, 0, 58, 1, 0, 128, 54, 1, 0, 0, 51, 1, 0, 0, 0, 0, 0, 0, 55, 1, 0, 128, 60, 1, 0, 0, 62, 1, 0, 0, 0, 0, 0, 0, 59, 1, 0, 0, 56, 1, 0, 128, 63, 1, 0, 0, 0, 0, 0, 0, 60, 1, 0, 0, 53, 1, 0, 0, 58, 1, 0, 0, 0, 0, 0, 0, 59, 1, 0, 0, 63, 1, 0, 0, 57, 1, 0, 0, 0, 0, 0, 0, 74, 1, 0, 0, 75, 1, 0, 0, 73, 1, 0, 128, 0, 0, 0, 0, 63, 1, 0, 128, 52, 1, 0, 0, 57, 1, 0, 0, 0, 0, 0, 0, 62, 1, 0, 128, 60, 1, 0, 0, 58, 1, 0, 0, 0, 0, 0, 0, 65, 1, 0, 128, 46, 1, 0, 0, 251, 0, 0, 128, 0, 0, 0, 0, 64, 1, 0, 128, 67, 1, 0, 0, 114, 1, 0, 128, 0, 0, 0, 0, 41, 1, 0, 128, 116, 1, 0, 128, 71, 1, 0, 0, 0, 0, 0, 0, 68, 1, 0, 128, 65, 1, 0, 0, 255, 0, 0, 128, 0, 0, 0, 0, 70, 1, 0, 0, 118, 1, 0, 128, 67, 1, 0, 128, 0, 0, 0, 0, 70, 1, 0, 128, 1, 1, 0, 128, 72, 1, 0, 0, 0, 0, 0, 0, 69, 1, 0, 128, 120, 1, 0, 128, 68, 1, 0, 0, 0, 0, 0, 0, 72, 1, 0, 128, 3, 1, 0, 0, 66, 1, 0, 0, 0, 0, 0, 0, 71, 1, 0, 128, 123, 1, 0, 0, 69, 1, 0, 0, 0, 0, 0, 0, 77, 1, 0, 0, 80, 1, 0, 0, 61, 1, 0, 128, 0, 0, 0, 0, 78, 1, 0, 128, 75, 1, 0, 0, 61, 1, 0, 0, 0, 0, 0, 0, 76, 1, 0, 128, 61, 1, 0, 0, 74, 1, 0, 0, 0, 0, 0, 0, 75, 1, 0, 128, 82, 1, 0, 0, 77, 1, 0, 0, 0, 0, 0, 0, 81, 1, 0, 128, 73, 1, 0, 0, 76, 1, 0, 0, 0, 0, 0, 0, 82, 1, 0, 0, 74, 1, 0, 128, 80, 1, 0, 0, 0, 0, 0, 0, 83, 1, 0, 0, 80, 1, 0, 128, 81, 1, 0, 0, 0, 0, 0, 0, 78, 1, 0, 0, 73, 1, 0, 0, 79, 1, 0, 128, 0, 0, 0, 0, 77, 1, 0, 128, 83, 1, 0, 0, 79, 1, 0, 0, 0, 0, 0, 0, 83, 1, 0, 0, 76, 1, 0, 0, 78, 1, 0, 0, 0, 0, 0, 0, 82, 1, 0, 0, 79, 1, 0, 0, 81, 1, 0, 0, 0, 0, 0, 0, 86, 1, 0, 0, 87, 1, 0, 0, 85, 1, 0, 0, 0, 0, 0, 0, 89, 1, 0, 0, 91, 1, 0, 0, 84, 1, 0, 0, 0, 0, 0, 0, 88, 1, 0, 0, 84, 1, 0, 0, 90, 1, 0, 0, 0, 0, 0, 0, 84, 1, 0, 0, 88, 1, 0, 128, 89, 1, 0, 0, 0, 0, 0, 0, 86, 1, 0, 0, 94, 1, 0, 0, 87, 1, 0, 128, 0, 0, 0, 0, 93, 1, 0, 128, 85, 1, 0, 0, 87, 1, 0, 0, 0, 0, 0, 0, 94, 1, 0, 0, 86, 1, 0, 128, 91, 1, 0, 0, 0, 0, 0, 0, 90, 1, 0, 0, 85, 1, 0, 0, 92, 1, 0, 128, 0, 0, 0, 0, 95, 1, 0, 0, 91, 1, 0, 128, 93, 1, 0, 0, 0, 0, 0, 0, 89, 1, 0, 128, 95, 1, 0, 0, 92, 1, 0, 0, 0, 0, 0, 0, 95, 1, 0, 128, 88, 1, 0, 0, 90, 1, 0, 0, 0, 0, 0, 0, 94, 1, 0, 128, 92, 1, 0, 0, 93, 1, 0, 0, 0, 0, 0, 0, 97, 1, 0, 0, 98, 1, 0, 0, 100, 1, 0, 0, 0, 0, 0, 0, 96, 1, 0, 0, 102, 1, 0, 0, 99, 1, 0, 0, 0, 0, 0, 0, 101, 1, 0, 128, 96, 1, 0, 0, 99, 1, 0, 0, 0, 0, 0, 0, 103, 1, 0, 128, 98, 1, 0, 0, 97, 1, 0, 0, 0, 0, 0, 0, 104, 1, 0, 128, 96, 1, 0, 0, 101, 1, 0, 0, 0, 0, 0, 0, 98, 1, 0, 128, 106, 1, 0, 0, 100, 1, 0, 0, 0, 0, 0, 0, 103, 1, 0, 0, 97, 1, 0, 0, 105, 1, 0, 128, 0, 0, 0, 0, 107, 1, 0, 0, 99, 1, 0, 128, 102, 1, 0, 0, 0, 0, 0, 0, 100, 1, 0, 128, 106, 1, 0, 0, 105, 1, 0, 0, 0, 0, 0, 0, 102, 1, 0, 128, 104, 1, 0, 0, 107, 1, 0, 0, 0, 0, 0, 0, 104, 1, 0, 0, 101, 1, 0, 0, 107, 1, 0, 0, 0, 0, 0, 0, 103, 1, 0, 0, 105, 1, 0, 0, 106, 1, 0, 0, 0, 0, 0, 0, 111, 1, 0, 128, 209, 0, 0, 128, 48, 1, 0, 128, 0, 0, 0, 0, 110, 1, 0, 128, 49, 1, 0, 0, 47, 1, 0, 0, 0, 0, 0, 0, 112, 1, 0, 0, 109, 1, 0, 128, 207, 0, 0, 0, 0, 0, 0, 0, 108, 1, 0, 128, 50, 1, 0, 128, 114, 1, 0, 0, 0, 0, 0, 0, 113, 1, 0, 0, 45, 1, 0, 0, 110, 1, 0, 0, 0, 0, 0, 0, 112, 1, 0, 128, 208, 0, 0, 0, 116, 1, 0, 128, 0, 0, 0, 0, 115, 1, 0, 128, 111, 1, 0, 0, 65, 1, 0, 128, 0, 0, 0, 0, 114, 1, 0, 128, 119, 1, 0, 0, 225, 0, 0, 128, 0, 0, 0, 0, 117, 1, 0, 128, 66, 1, 0, 128, 113, 1, 0, 128, 0, 0, 0, 0, 116, 1, 0, 128, 226, 0, 0, 128, 122, 1, 0, 0, 0, 0, 0, 0, 119, 1, 0, 128, 68, 1, 0, 128, 120, 1, 0, 0, 0, 0, 0, 0, 118, 1, 0, 128, 228, 0, 0, 128, 115, 1, 0, 0, 0, 0, 0, 0, 121, 1, 0, 128, 118, 1, 0, 0, 70, 1, 0, 128, 0, 0, 0, 0, 120, 1, 0, 128, 123, 1, 0, 0, 229, 0, 0, 128, 0, 0, 0, 0, 123, 1, 0, 0, 117, 1, 0, 0, 231, 0, 0, 0, 0, 0, 0, 0, 72, 1, 0, 0, 122, 1, 0, 128, 121, 1, 0, 0, 0, 0, 0, 0, 88, 1, 0, 0, 89, 1, 0, 0, 122, 1, 0, 0, 123, 1, 0, 0, 119, 1, 0, 0, 116, 1, 0, 0, 79, 1, 0, 0, 113, 1, 0, 0, 82, 1, 0, 0, 114, 1, 0, 0, 112, 1, 0, 0, 81, 1, 0, 0, 80, 1, 0, 0, 115, 1, 0, 0, 118, 1, 0, 0, 117, 1, 0, 0, 98, 1, 0, 0, 100, 1, 0, 0, 94, 1, 0, 0, 93, 1, 0, 0, 91, 1, 0, 0, 90, 1, 0, 0, 99, 1, 0, 0, 103, 1, 0, 0, 92, 1, 0, 0, 101, 1, 0, 0, 95, 1, 0, 0, 102, 1, 0, 0, 120, 1, 0, 0, 121, 1, 0, 0, 107, 1, 0, 0, 110, 1, 0, 0, 109, 1, 0, 0, 104, 1, 0, 0, 108, 1, 0, 0, 105, 1, 0, 0, 106, 1, 0, 0, 111, 1, 0, 0, 97, 1, 0, 0, 96, 1, 0, 0, 61, 1, 0, 0, 62, 1, 0, 0, 58, 1, 0, 0, 60, 1, 0, 0, 63, 1, 0, 0, 57, 1, 0, 0, 64, 1, 0, 0, 66, 1, 0, 0, 68, 1, 0, 0, 59, 1, 0, 0, 65, 1, 0, 0, 67, 1, 0, 0, 52, 1, 0, 0, 44, 1, 0, 0, 48, 1, 0, 0, 41, 1, 0, 0, 42, 1, 0, 0, 51, 1, 0, 0, 56, 1, 0, 0, 50, 1, 0, 0, 49, 1, 0, 0, 55, 1, 0, 0, 46, 1, 0, 0, 47, 1, 0, 0, 45, 1, 0, 0, 53, 1, 0, 0, 54, 1, 0, 0, 43, 1, 0, 0, 196, 0, 0, 0, 179, 0, 0, 0, 177, 0, 0, 0, 180, 0, 0, 0, 186, 0, 0, 0, 176, 0, 0, 0, 174, 0, 0, 0, 175, 0, 0, 0, 181, 0, 0, 0, 189, 0, 0, 0, 178, 0, 0, 0, 182, 0, 0, 0, 195, 0, 0, 0, 193, 0, 0, 0, 190, 0, 0, 0, 198, 0, 0, 0, 197, 0, 0, 0, 188, 0, 0, 0, 191, 0, 0, 0, 173, 0, 0, 0, 172, 0, 0, 0, 187, 0, 0, 0, 192, 0, 0, 0, 194, 0, 0, 0, 164, 0, 0, 0, 165, 0, 0, 0, 162, 0, 0, 0, 168, 0, 0, 0, 166, 0, 0, 0, 163, 0, 0, 0, 169, 0, 0, 0, 161, 0, 0, 0, 160, 0, 0, 0, 167, 0, 0, 0, 171, 0, 0, 0, 170, 0, 0, 0, 149, 0, 0, 0, 153, 0, 0, 0, 147, 0, 0, 0, 159, 0, 0, 0, 158, 0, 0, 0, 146, 0, 0, 0, 131, 0, 0, 0, 150, 0, 0, 0, 151, 0, 0, 0, 130, 0, 0, 0, 148, 0, 0, 0, 152, 0, 0, 0, 154, 0, 0, 0, 155, 0, 0, 0, 156, 0, 0, 0, 157, 0, 0, 0, 145, 0, 0, 0, 144, 0, 0, 0, 135, 0, 0, 0, 137, 0, 0, 0, 141, 0, 0, 0, 140, 0, 0, 0, 138, 0, 0, 0, 139, 0, 0, 0, 134, 0, 0, 0, 136, 0, 0, 0, 143, 0, 0, 0, 142, 0, 0, 0, 133, 0, 0, 0, 132, 0, 0, 0, 129, 0, 0, 0, 128, 0, 0, 0, 120, 0, 0, 0, 121, 0, 0, 0, 127, 0, 0, 0, 125, 0, 0, 0, 123, 0, 0, 0, 122, 0, 0, 0, 124, 0, 0, 0, 126, 0, 0, 0, 78, 1, 0, 0, 77, 1, 0, 0, 71, 1, 0, 0, 76, 1, 0, 0, 72, 1, 0, 0, 85, 1, 0, 0, 86, 1, 0, 0, 75, 1, 0, 0, 73, 1, 0, 0, 74, 1, 0, 0, 87, 1, 0, 0, 83, 1, 0, 0, 84, 1, 0, 0, 33, 1, 0, 0, 35, 1, 0, 0, 37, 1, 0, 0, 26, 1, 0, 0, 34, 1, 0, 0, 21, 1, 0, 0, 25, 1, 0, 0, 32, 1, 0, 0, 27, 1, 0, 0, 36, 1, 0, 0, 38, 1, 0, 0, 28, 1, 0, 0, 30, 1, 0, 0, 29, 1, 0, 0, 31, 1, 0, 0, 24, 1, 0, 0, 0, 1, 0, 0, 19, 1, 0, 0, 15, 1, 0, 0, 16, 1, 0, 0, 14, 1, 0, 0, 22, 1, 0, 0, 20, 1, 0, 0, 23, 1, 0, 0, 18, 1, 0, 0, 17, 1, 0, 0, 70, 1, 0, 0, 12, 1, 0, 0, 69, 1, 0, 0, 13, 1, 0, 0, 39, 1, 0, 0, 116, 0, 0, 0, 183, 0, 0, 0, 40, 1, 0, 0, 184, 0, 0, 0, 185, 0, 0, 0, 113, 0, 0, 0, 114, 0, 0, 0, 110, 0, 0, 0, 112, 0, 0, 0, 109, 0, 0, 0, 119, 0, 0, 0, 118, 0, 0, 0, 111, 0, 0, 0, 108, 0, 0, 0, 107, 0, 0, 0, 117, 0, 0, 0, 106, 0, 0, 0, 100, 0, 0, 0, 103, 0, 0, 0, 115, 0, 0, 0, 104, 0, 0, 0, 105, 0, 0, 0, 44, 0, 0, 0, 45, 0, 0, 0, 51, 0, 0, 0, 46, 0, 0, 0, 52, 0, 0, 0, 43, 0, 0, 0, 47, 0, 0, 0, 50, 0, 0, 0, 49, 0, 0, 0, 48, 0, 0, 0, 101, 0, 0, 0, 102, 0, 0, 0, 32, 0, 0, 0, 33, 0, 0, 0, 99, 0, 0, 0, 98, 0, 0, 0, 34, 0, 0, 0, 93, 0, 0, 0, 92, 0, 0, 0, 97, 0, 0, 0, 96, 0, 0, 0, 95, 0, 0, 0, 94, 0, 0, 0, 4, 1, 0, 0, 2, 1, 0, 0, 11, 1, 0, 0, 10, 1, 0, 0, 1, 1, 0, 0, 3, 1, 0, 0, 241, 0, 0, 0, 240, 0, 0, 0, 254, 0, 0, 0, 5, 1, 0, 0, 255, 0, 0, 0, 252, 0, 0, 0, 8, 1, 0, 0, 9, 1, 0, 0, 251, 0, 0, 0, 253, 0, 0, 0, 250, 0, 0, 0, 235, 0, 0, 0, 234, 0, 0, 0, 238, 0, 0, 0, 237, 0, 0, 0, 229, 0, 0, 0, 228, 0, 0, 0, 232, 0, 0, 0, 230, 0, 0, 0, 233, 0, 0, 0, 231, 0, 0, 0, 6, 1, 0, 0, 7, 1, 0, 0, 246, 0, 0, 0, 247, 0, 0, 0, 245, 0, 0, 0, 248, 0, 0, 0, 244, 0, 0, 0, 249, 0, 0, 0, 243, 0, 0, 0, 242, 0, 0, 0, 236, 0, 0, 0, 239, 0, 0, 0, 224, 0, 0, 0, 225, 0, 0, 0, 221, 0, 0, 0, 217, 0, 0, 0, 216, 0, 0, 0, 219, 0, 0, 0, 218, 0, 0, 0, 227, 0, 0, 0, 226, 0, 0, 0, 220, 0, 0, 0, 223, 0, 0, 0, 222, 0, 0, 0, 211, 0, 0, 0, 205, 0, 0, 0, 210, 0, 0, 0, 200, 0, 0, 0, 199, 0, 0, 0, 203, 0, 0, 0, 209, 0, 0, 0, 213, 0, 0, 0, 212, 0, 0, 0, 204, 0, 0, 0, 208, 0, 0, 0, 207, 0, 0, 0, 215, 0, 0, 0, 202, 0, 0, 0, 214, 0, 0, 0, 206, 0, 0, 0, 88, 0, 0, 0, 82, 0, 0, 0, 85, 0, 0, 0, 90, 0, 0, 0, 91, 0, 0, 0, 89, 0, 0, 0, 83, 0, 0, 0, 84, 0, 0, 0, 81, 0, 0, 0, 86, 0, 0, 0, 87, 0, 0, 0, 75, 0, 0, 0, 79, 0, 0, 0, 76, 0, 0, 0, 80, 0, 0, 0, 78, 0, 0, 0, 77, 0, 0, 0, 57, 0, 0, 0, 65, 0, 0, 0, 66, 0, 0, 0, 201, 0, 0, 0, 73, 0, 0, 0, 74, 0, 0, 0, 72, 0, 0, 0, 71, 0, 0, 0, 69, 0, 0, 0, 67, 0, 0, 0, 70, 0, 0, 0, 68, 0, 0, 0, 58, 0, 0, 0, 64, 0, 0, 0, 56, 0, 0, 0, 55, 0, 0, 0, 59, 0, 0, 0, 63, 0, 0, 0, 53, 0, 0, 0, 54, 0, 0, 0, 60, 0, 0, 0, 62, 0, 0, 0, 61, 0, 0, 0, 20, 0, 0, 0, 21, 0, 0, 0, 19, 0, 0, 0, 28, 0, 0, 0, 29, 0, 0, 0, 22, 0, 0, 0, 18, 0, 0, 0, 10, 0, 0, 0, 11, 0, 0, 0, 23, 0, 0, 0, 25, 0, 0, 0, 24, 0, 0, 0, 40, 0, 0, 0, 35, 0, 0, 0, 41, 0, 0, 0, 38, 0, 0, 0, 37, 0, 0, 0, 42, 0, 0, 0, 30, 0, 0, 0, 39, 0, 0, 0, 36, 0, 0, 0, 31, 0, 0, 0, 13, 0, 0, 0, 12, 0, 0, 0, 15, 0, 0, 0, 27, 0, 0, 0, 26, 0, 0, 0, 14, 0, 0, 0, 17, 0, 0, 0, 16, 0, 0, 0, 9, 0, 0, 0, 6, 0, 0, 0, 7, 0, 0, 0, 8, 0, 0, 0, 0, 0, 0, 0, 1, 0, 0, 0, 5, 0, 0, 0, 4, 0, 0, 0, 2, 0, 0, 0, 3, 0, 0, 0, 118, 1, 0, 0, 119, 1, 0, 0, 122, 1, 0, 0, 123, 1, 0, 0, 121, 1, 0, 0, 120, 1, 0, 0, 115, 1, 0, 0, 116, 1, 0, 0, 117, 1, 0, 0, 114, 1, 0, 0, 91, 1, 0, 0, 92, 1, 0, 0, 107, 1, 0, 0, 106, 1, 0, 0, 111, 1, 0, 0, 108, 1, 0, 0, 113, 1, 0, 0, 112, 1, 0, 0, 90, 1, 0, 0, 86, 1, 0, 0, 84, 1, 0, 0, 85, 1, 0, 0, 89, 1, 0, 0, 93, 1, 0, 0, 95, 1, 0, 0, 94, 1, 0, 0, 110, 1, 0, 0, 109, 1, 0, 0, 87, 1, 0, 0, 88, 1, 0, 0, 102, 1, 0, 0, 105, 1, 0, 0, 222, 0, 0, 0, 223, 0, 0, 0, 226, 0, 0, 0, 97, 1, 0, 0, 104, 1, 0, 0, 100, 1, 0, 0, 99, 1, 0, 0, 103, 1, 0, 0, 96, 1, 0, 0, 98, 1, 0, 0, 101, 1, 0, 0, 215, 0, 0, 0, 210, 0, 0, 0, 211, 0, 0, 0, 213, 0, 0, 0, 216, 0, 0, 0, 219, 0, 0, 0, 218, 0, 0, 0, 217, 0, 0, 0, 212, 0, 0, 0, 214, 0, 0, 0, 79, 1, 0, 0, 80, 1, 0, 0, 76, 1, 0, 0, 75, 1, 0, 0, 61, 1, 0, 0, 73, 1, 0, 0, 77, 1, 0, 0, 81, 1, 0, 0, 83, 1, 0, 0, 82, 1, 0, 0, 78, 1, 0, 0, 74, 1, 0, 0, 62, 1, 0, 0, 63, 1, 0, 0, 70, 1, 0, 0, 72, 1, 0, 0, 69, 1, 0, 0, 71, 1, 0, 0, 68, 1, 0, 0, 67, 1, 0, 0, 65, 1, 0, 0, 66, 1, 0, 0, 55, 1, 0, 0, 57, 1, 0, 0, 60, 1, 0, 0, 59, 1, 0, 0, 56, 1, 0, 0, 58, 1, 0, 0, 52, 1, 0, 0, 45, 1, 0, 0, 50, 1, 0, 0, 51, 1, 0, 0, 46, 1, 0, 0, 53, 1, 0, 0, 54, 1, 0, 0, 44, 1, 0, 0, 49, 1, 0, 0, 47, 1, 0, 0, 48, 1, 0, 0, 228, 0, 0, 0, 227, 0, 0, 0, 232, 0, 0, 0, 231, 0, 0, 0, 230, 0, 0, 0, 229, 0, 0, 0, 225, 0, 0, 0, 224, 0, 0, 0, 205, 0, 0, 0, 220, 0, 0, 0, 221, 0, 0, 0, 206, 0, 0, 0, 208, 0, 0, 0, 209, 0, 0, 0, 204, 0, 0, 0, 202, 0, 0, 0, 201, 0, 0, 0, 197, 0, 0, 0, 195, 0, 0, 0, 200, 0, 0, 0, 196, 0, 0, 0, 193, 0, 0, 0, 194, 0, 0, 0, 207, 0, 0, 0, 188, 0, 0, 0, 203, 0, 0, 0, 199, 0, 0, 0, 198, 0, 0, 0, 136, 0, 0, 0, 137, 0, 0, 0, 141, 0, 0, 0, 140, 0, 0, 0, 142, 0, 0, 0, 139, 0, 0, 0, 143, 0, 0, 0, 138, 0, 0, 0, 135, 0, 0, 0, 134, 0, 0, 0, 113, 0, 0, 0, 110, 0, 0, 0, 133, 0, 0, 0, 132, 0, 0, 0, 128, 0, 0, 0, 122, 0, 0, 0, 129, 0, 0, 0, 123, 0, 0, 0, 126, 0, 0, 0, 127, 0, 0, 0, 125, 0, 0, 0, 124, 0, 0, 0, 131, 0, 0, 0, 130, 0, 0, 0, 121, 0, 0, 0, 120, 0, 0, 0, 109, 0, 0, 0, 106, 0, 0, 0, 114, 0, 0, 0, 104, 0, 0, 0, 111, 0, 0, 0, 112, 0, 0, 0, 115, 0, 0, 0, 105, 0, 0, 0, 116, 0, 0, 0, 117, 0, 0, 0, 118, 0, 0, 0, 119, 0, 0, 0, 108, 0, 0, 0, 107, 0, 0, 0, 100, 0, 0, 0, 99, 0, 0, 0, 94, 0, 0, 0, 97, 0, 0, 0, 92, 0, 0, 0, 93, 0, 0, 0, 96, 0, 0, 0, 101, 0, 0, 0, 95, 0, 0, 0, 98, 0, 0, 0, 103, 0, 0, 0, 102, 0, 0, 0, 88, 0, 0, 0, 87, 0, 0, 0, 74, 0, 0, 0, 75, 0, 0, 0, 73, 0, 0, 0, 70, 0, 0, 0, 78, 0, 0, 0, 69, 0, 0, 0, 71, 0, 0, 0, 76, 0, 0, 0, 79, 0, 0, 0, 189, 0, 0, 0, 191, 0, 0, 0, 192, 0, 0, 0, 72, 0, 0, 0, 89, 0, 0, 0, 85, 0, 0, 0, 77, 0, 0, 0, 82, 0, 0, 0, 86, 0, 0, 0, 90, 0, 0, 0, 81, 0, 0, 0, 91, 0, 0, 0, 80, 0, 0, 0, 68, 0, 0, 0, 84, 0, 0, 0, 83, 0, 0, 0, 32, 1, 0, 0, 31, 1, 0, 0, 64, 1, 0, 0, 41, 1, 0, 0, 33, 1, 0, 0, 37, 1, 0, 0, 29, 1, 0, 0, 43, 1, 0, 0, 39, 1, 0, 0, 38, 1, 0, 0, 34, 1, 0, 0, 30, 1, 0, 0, 28, 1, 0, 0, 36, 1, 0, 0, 35, 1, 0, 0, 42, 1, 0, 0, 40, 1, 0, 0, 20, 1, 0, 0, 19, 1, 0, 0, 22, 1, 0, 0, 21, 1, 0, 0, 25, 1, 0, 0, 18, 1, 0, 0, 27, 1, 0, 0, 26, 1, 0, 0, 16, 1, 0, 0, 17, 1, 0, 0, 24, 1, 0, 0, 23, 1, 0, 0, 255, 0, 0, 0, 254, 0, 0, 0, 1, 1, 0, 0, 3, 1, 0, 0, 0, 1, 0, 0, 2, 1, 0, 0, 251, 0, 0, 0, 250, 0, 0, 0, 14, 1, 0, 0, 253, 0, 0, 0, 252, 0, 0, 0, 15, 1, 0, 0, 240, 0, 0, 0, 239, 0, 0, 0, 13, 1, 0, 0, 12, 1, 0, 0, 10, 1, 0, 0, 8, 1, 0, 0, 6, 1, 0, 0, 7, 1, 0, 0, 9, 1, 0, 0, 11, 1, 0, 0, 249, 0, 0, 0, 247, 0, 0, 0, 244, 0, 0, 0, 248, 0, 0, 0, 241, 0, 0, 0, 243, 0, 0, 0, 173, 0, 0, 0, 237, 0, 0, 0, 234, 0, 0, 0, 238, 0, 0, 0, 233, 0, 0, 0, 242, 0, 0, 0, 4, 1, 0, 0, 5, 1, 0, 0, 245, 0, 0, 0, 246, 0, 0, 0, 236, 0, 0, 0, 235, 0, 0, 0, 184, 0, 0, 0, 186, 0, 0, 0, 177, 0, 0, 0, 175, 0, 0, 0, 176, 0, 0, 0, 182, 0, 0, 0, 181, 0, 0, 0, 174, 0, 0, 0, 179, 0, 0, 0, 162, 0, 0, 0, 178, 0, 0, 0, 180, 0, 0, 0, 172, 0, 0, 0, 163, 0, 0, 0, 160, 0, 0, 0, 165, 0, 0, 0, 168, 0, 0, 0, 170, 0, 0, 0, 169, 0, 0, 0, 171, 0, 0, 0, 164, 0, 0, 0, 157, 0, 0, 0, 161, 0, 0, 0, 158, 0, 0, 0, 166, 0, 0, 0, 159, 0, 0, 0, 167, 0, 0, 0, 187, 0, 0, 0, 190, 0, 0, 0, 55, 0, 0, 0, 56, 0, 0, 0, 67, 0, 0, 0, 53, 0, 0, 0, 64, 0, 0, 0, 62, 0, 0, 0, 63, 0, 0, 0, 54, 0, 0, 0, 60, 0, 0, 0, 59, 0, 0, 0, 57, 0, 0, 0, 52, 0, 0, 0, 65, 0, 0, 0, 66, 0, 0, 0, 61, 0, 0, 0, 58, 0, 0, 0, 45, 0, 0, 0, 42, 0, 0, 0, 49, 0, 0, 0, 43, 0, 0, 0, 40, 0, 0, 0, 41, 0, 0, 0, 44, 0, 0, 0, 46, 0, 0, 0, 50, 0, 0, 0, 47, 0, 0, 0, 51, 0, 0, 0, 48, 0, 0, 0, 185, 0, 0, 0, 183, 0, 0, 0, 146, 0, 0, 0, 148, 0, 0, 0, 152, 0, 0, 0, 153, 0, 0, 0, 151, 0, 0, 0, 147, 0, 0, 0, 145, 0, 0, 0, 144, 0, 0, 0, 6, 0, 0, 0, 12, 0, 0, 0, 11, 0, 0, 0, 8, 0, 0, 0, 155, 0, 0, 0, 156, 0, 0, 0, 149, 0, 0, 0, 150, 0, 0, 0, 154, 0, 0, 0, 0, 0, 0, 0, 1, 0, 0, 0, 21, 0, 0, 0, 20, 0, 0, 0, 24, 0, 0, 0, 19, 0, 0, 0, 18, 0, 0, 0, 26, 0, 0, 0, 39, 0, 0, 0, 38, 0, 0, 0, 16, 0, 0, 0, 22, 0, 0, 0, 17, 0, 0, 0, 25, 0, 0, 0, 27, 0, 0, 0, 23, 0, 0, 0, 33, 0, 0, 0, 35, 0, 0, 0, 36, 0, 0, 0, 30, 0, 0, 0, 34, 0, 0, 0, 32, 0, 0, 0, 31, 0, 0, 0, 37, 0, 0, 0, 10, 0, 0, 0, 7, 0, 0, 0, 9, 0, 0, 0, 13, 0, 0, 0, 5, 0, 0, 0, 15, 0, 0, 0, 14, 0, 0, 0, 4, 0, 0, 0, 28, 0, 0, 0, 29, 0, 0, 0, 2, 0, 0, 0, 3, 0, 0, 0, 66, 86, 51, 50, 2, 0, 0, 0, 0, 0, 246, 184, 0, 0, 0, 183, 190, 116, 22, 65, 68, 107, 36, 66, 19, 0, 0, 0, 1, 0, 0, 0, 18, 0, 0, 0, 0, 0, 0, 0, 175, 46, 0, 0, 23, 159, 0, 0, 57, 58, 0, 0, 45, 148, 0, 0, 57, 0, 0, 0, 25, 14, 0, 0, 49, 20, 0, 0, 59, 32, 0, 0, 61, 72, 0, 0, 49, 136, 0, 0, 27, 87, 0, 0, 25, 130, 0, 0, 141, 93, 0, 0, 183, 116, 0, 0, 183, 96, 0, 0, 27, 110, 0, 0, 175, 164, 0, 0, 57, 176, 0, 0, 70, 88, 175, 193, 227, 238, 108, 65, 23, 183, 85, 185, 0, 0, 0, 0, 97, 175, 160, 65, 175, 71, 251, 193, 68, 219, 130, 65, 0, 0, 0, 0, 136, 210, 179, 193, 7, 196, 233, 65, 23, 183, 85, 185, 0, 0, 0, 0, 25, 114, 150, 65, 175, 71, 251, 193, 23, 183, 85, 185, 0, 0, 0, 0, 141, 210, 179, 193, 168, 107, 4, 194, 23, 183, 85, 185, 0, 0, 0, 0, 74, 88, 175, 193, 99, 31, 218, 193, 23, 183, 85, 185, 0, 0, 0, 0, 71, 88, 175, 193, 221, 64, 134, 193, 23, 183, 85, 185, 0, 0, 0, 0, 141, 210, 179, 193, 170, 71, 251, 193, 23, 183, 85, 185, 0, 0, 0, 0, 59, 62, 163, 193, 171, 107, 4, 194, 23, 183, 85, 185, 0, 0, 0, 0, 164, 120, 157, 65, 226, 64, 134, 193, 23, 183, 85, 185, 0, 0, 0, 0, 230, 66, 166, 193, 171, 107, 4, 194, 68, 219, 130, 65, 0, 0, 0, 0, 163, 120, 157, 65, 99, 31, 218, 193, 23, 183, 85, 185, 0, 0, 0, 0, 59, 62, 163, 193, 117, 168, 246, 193, 23, 183, 85, 185, 0, 0, 0, 0, 13, 223, 101, 65, 171, 107, 4, 194, 23, 183, 85, 185, 0, 0, 0, 0, 225, 66, 166, 193, 11, 244, 239, 65, 23, 183, 85, 185, 0, 0, 0, 0, 225, 66, 166, 193, 181, 217, 244, 65, 68, 219, 130, 65, 0, 0, 0, 0, 167, 120, 157, 65, 225, 238, 108, 65, 23, 183, 85, 185, 0, 0, 0, 0, 27, 223, 101, 65, 6, 196, 233, 65, 23, 183, 85, 185, 0, 0, 0, 0, 26, 121, 157, 193, 94, 31, 218, 65, 44, 226, 139, 65, 0, 0, 0, 0, 18, 210, 179, 65, 165, 71, 251, 65, 41, 117, 150, 65, 0, 0, 0, 0, 0, 224, 101, 193, 167, 107, 4, 66, 41, 117, 150, 65, 0, 0, 0, 0, 13, 210, 179, 65, 112, 168, 246, 65, 43, 226, 139, 65, 0, 0, 0, 0, 12, 224, 101, 193, 14, 196, 233, 193, 41, 117, 150, 65, 0, 0, 0, 0, 30, 121, 157, 193, 146, 168, 200, 193, 43, 226, 139, 65, 0, 0, 0, 0, 30, 121, 157, 193, 18, 162, 142, 192, 43, 226, 139, 65, 0, 0, 0, 0, 27, 121, 157, 193, 170, 71, 251, 65, 41, 117, 150, 65, 0, 0, 0, 0, 102, 66, 166, 65, 14, 196, 233, 193, 45, 226, 139, 65, 0, 0, 0, 0, 204, 87, 175, 65, 28, 162, 142, 192, 43, 226, 139, 65, 0, 0, 0, 0, 102, 66, 166, 65, 181, 217, 244, 193, 41, 117, 150, 65, 0, 0, 0, 0, 204, 87, 175, 65, 146, 168, 200, 193, 43, 226, 139, 65, 0, 0, 0, 0, 51, 10, 152, 65, 114, 168, 246, 65, 231, 8, 87, 63, 0, 0, 0, 0, 13, 210, 179, 65, 15, 196, 233, 193, 41, 117, 150, 65, 0, 0, 0, 0, 107, 66, 166, 65, 167, 107, 4, 66, 45, 226, 139, 65, 0, 0, 0, 0, 107, 66, 166, 65, 167, 107, 4, 66, 41, 117, 150, 65, 0, 0, 0, 0, 208, 87, 175, 65, 89, 31, 218, 65, 44, 226, 139, 65, 0, 0, 0, 0, 18, 210, 179, 65, 167, 107, 4, 66, 41, 117, 150, 65, 0, 0, 0, 0, 1, 0, 0, 0, 0, 0, 0, 0, 1, 0, 0, 0, 0, 0, 0, 0, 116, 4, 0, 0, 0, 0, 0, 0, 3, 0, 0, 0, 8, 0, 0, 0, 13, 0, 0, 0, 18, 0, 0, 0, 22, 0, 0, 0, 26, 0, 0, 0, 32, 0, 0, 0, 36, 0, 0, 0, 40, 0, 0, 0, 44, 0, 0, 0, 50, 0, 0, 0, 54, 0, 0, 0, 58, 0, 0, 0, 64, 0, 0, 0, 68, 0, 0, 0, 72, 0, 0, 0, 76, 0, 0, 0, 80, 0, 0, 0, 86, 0, 0, 0, 90, 0, 0, 0, 94, 0, 0, 0, 100, 0, 0, 0, 104, 0, 0, 0, 108, 0, 0, 0, 112, 0, 0, 0, 118, 0, 0, 0, 122, 0, 0, 0, 126, 0, 0, 0, 131, 0, 0, 0, 136, 0, 0, 0, 141, 0, 0, 0, 144, 0, 0, 0, 147, 0, 0, 0, 152, 0, 0, 0, 157, 0, 0, 0, 162, 0, 0, 0, 167, 0, 0, 0, 172, 0, 0, 0, 177, 0, 0, 0, 180, 0, 0, 0, 186, 0, 0, 0, 190, 0, 0, 0, 194, 0, 0, 0, 198, 0, 0, 0, 204, 0, 0, 0, 208, 0, 0, 0, 212, 0, 0, 0, 216, 0, 0, 0, 221, 0, 0, 0, 226, 0, 0, 0, 229, 0, 0, 0, 234, 0, 0, 0, 239, 0, 0, 0, 244, 0, 0, 0, 249, 0, 0, 0, 252, 0, 0, 0, 0, 1, 0, 0, 6, 1, 0, 0, 10, 1, 0, 0, 14, 1, 0, 0, 20, 1, 0, 0, 24, 1, 0, 0, 28, 1, 0, 0, 32, 1, 0, 0, 37, 1, 0, 0, 42, 1, 0, 0, 47, 1, 0, 0, 50, 1, 0, 0, 55, 1, 0, 0, 60, 1, 0, 0, 65, 1, 0, 0, 68, 1, 0, 0, 73, 1, 0, 0, 78, 1, 0, 0, 83, 1, 0, 0, 86, 1, 0, 0, 91, 1, 0, 0, 96, 1, 0, 0, 101, 1, 0, 0, 104, 1, 0, 0, 107, 1, 0, 0, 112, 1, 0, 0, 117, 1, 0, 0, 122, 1, 0, 0, 128, 1, 0, 0, 132, 1, 0, 0, 136, 1, 0, 0, 140, 1, 0, 0, 144, 1, 0, 0, 150, 1, 0, 0, 154, 1, 0, 0, 158, 1, 0, 0, 161, 1, 0, 0, 166, 1, 0, 0, 171, 1, 0, 0, 176, 1, 0, 0, 180, 1, 0, 0, 186, 1, 0, 0, 190, 1, 0, 0, 194, 1, 0, 0, 198, 1, 0, 0, 204, 1, 0, 0, 208, 1, 0, 0, 212, 1, 0, 0, 216, 1, 0, 0, 222, 1, 0, 0, 226, 1, 0, 0, 230, 1, 0, 0, 234, 1, 0, 0, 240, 1, 0, 0, 244, 1, 0, 0, 248, 1, 0, 0, 251, 1, 0, 0, 0, 2, 0, 0, 5, 2, 0, 0, 10, 2, 0, 0, 15, 2, 0, 0, 20, 2, 0, 0, 23, 2, 0, 0, 28, 2, 0, 0, 33, 2, 0, 0, 38, 2, 0, 0, 43, 2, 0, 0, 46, 2, 0, 0, 51, 2, 0, 0, 56, 2, 0, 0, 59, 2, 0, 0, 64, 2, 0, 0, 69, 2, 0, 0, 74, 2, 0, 0, 79, 2, 0, 0, 82, 2, 0, 0, 87, 2, 0, 0, 92, 2, 0, 0, 97, 2, 0, 0, 100, 2, 0, 0, 104, 2, 0, 0, 108, 2, 0, 0, 114, 2, 0, 0, 118, 2, 0, 0, 123, 2, 0, 0, 128, 2, 0, 0, 133, 2, 0, 0, 136, 2, 0, 0, 141, 2, 0, 0, 146, 2, 0, 0, 151, 2, 0, 0, 154, 2, 0, 0, 159, 2, 0, 0, 164, 2, 0, 0, 167, 2, 0, 0, 172, 2, 0, 0, 177, 2, 0, 0, 182, 2, 0, 0, 187, 2, 0, 0, 190, 2, 0, 0, 195, 2, 0, 0, 200, 2, 0, 0, 203, 2, 0, 0, 208, 2, 0, 0, 214, 2, 0, 0, 218, 2, 0, 0, 225, 2, 0, 0, 232, 2, 0, 0, 238, 2, 0, 0, 244, 2, 0, 0, 252, 2, 0, 0, 0, 3, 0, 0, 6, 3, 0, 0, 11, 3, 0, 0, 18, 3, 0, 0, 23, 3, 0, 0, 29, 3, 0, 0, 33, 3, 0, 0, 40, 3, 0, 0, 47, 3, 0, 0, 52, 3, 0, 0, 56, 3, 0, 0, 62, 3, 0, 0, 67, 3, 0, 0, 75, 3, 0, 0, 80, 3, 0, 0, 84, 3, 0, 0, 90, 3, 0, 0, 97, 3, 0, 0, 101, 3, 0, 0, 108, 3, 0, 0, 112, 3, 0, 0, 118, 3, 0, 0, 125, 3, 0, 0, 133, 3, 0, 0, 138, 3, 0, 0, 144, 3, 0, 0, 149, 3, 0, 0, 155, 3, 0, 0, 162, 3, 0, 0, 168, 3, 0, 0, 172, 3, 0, 0, 177, 3, 0, 0, 181, 3, 0, 0, 187, 3, 0, 0, 194, 3, 0, 0, 204, 3, 0, 0, 208, 3, 0, 0, 215, 3, 0, 0, 221, 3, 0, 0, 225, 3, 0, 0, 230, 3, 0, 0, 236, 3, 0, 0, 241, 3, 0, 0, 248, 3, 0, 0, 0, 4, 0, 0, 5, 4, 0, 0, 11, 4, 0, 0, 15, 4, 0, 0, 21, 4, 0, 0, 27, 4, 0, 0, 32, 4, 0, 0, 37, 4, 0, 0, 41, 4, 0, 0, 48, 4, 0, 0, 54, 4, 0, 0, 60, 4, 0, 0, 67, 4, 0, 0, 74, 4, 0, 0, 79, 4, 0, 0, 86, 4, 0, 0, 92, 4, 0, 0, 99, 4, 0, 0, 103, 4, 0, 0, 110, 4, 0, 0, 92, 1, 0, 0, 93, 1, 0, 0, 95, 1, 0, 0, 90, 1, 0, 0, 91, 1, 0, 0, 92, 1, 0, 0, 94, 1, 0, 0, 95, 1, 0, 0, 85, 1, 0, 0, 89, 1, 0, 0, 91, 1, 0, 0, 92, 1, 0, 0, 93, 1, 0, 0, 84, 1, 0, 0, 85, 1, 0, 0, 86, 1, 0, 0, 90, 1, 0, 0, 91, 1, 0, 0, 84, 1, 0, 0, 85, 1, 0, 0, 87, 1, 0, 0, 89, 1, 0, 0, 84, 1, 0, 0, 86, 1, 0, 0, 87, 1, 0, 0, 88, 1, 0, 0, 87, 1, 0, 0, 88, 1, 0, 0, 89, 1, 0, 0, 93, 1, 0, 0, 94, 1, 0, 0, 95, 1, 0, 0, 86, 1, 0, 0, 88, 1, 0, 0, 90, 1, 0, 0, 94, 1, 0, 0, 216, 0, 0, 0, 219, 0, 0, 0, 222, 0, 0, 0, 223, 0, 0, 0, 211, 0, 0, 0, 213, 0, 0, 0, 216, 0, 0, 0, 222, 0, 0, 0, 210, 0, 0, 0, 211, 0, 0, 0, 215, 0, 0, 0, 217, 0, 0, 0, 222, 0, 0, 0, 223, 0, 0, 0, 217, 0, 0, 0, 218, 0, 0, 0, 219, 0, 0, 0, 223, 0, 0, 0, 210, 0, 0, 0, 212, 0, 0, 0, 214, 0, 0, 0, 215, 0, 0, 0, 212, 0, 0, 0, 213, 0, 0, 0, 214, 0, 0, 0, 216, 0, 0, 0, 218, 0, 0, 0, 219, 0, 0, 0, 214, 0, 0, 0, 215, 0, 0, 0, 217, 0, 0, 0, 218, 0, 0, 0, 210, 0, 0, 0, 211, 0, 0, 0, 212, 0, 0, 0, 213, 0, 0, 0, 102, 1, 0, 0, 103, 1, 0, 0, 105, 1, 0, 0, 107, 1, 0, 0, 97, 1, 0, 0, 99, 1, 0, 0, 102, 1, 0, 0, 103, 1, 0, 0, 96, 1, 0, 0, 97, 1, 0, 0, 100, 1, 0, 0, 102, 1, 0, 0, 104, 1, 0, 0, 105, 1, 0, 0, 104, 1, 0, 0, 105, 1, 0, 0, 106, 1, 0, 0, 107, 1, 0, 0, 96, 1, 0, 0, 98, 1, 0, 0, 100, 1, 0, 0, 101, 1, 0, 0, 98, 1, 0, 0, 99, 1, 0, 0, 101, 1, 0, 0, 103, 1, 0, 0, 106, 1, 0, 0, 107, 1, 0, 0, 100, 1, 0, 0, 101, 1, 0, 0, 104, 1, 0, 0, 106, 1, 0, 0, 96, 1, 0, 0, 97, 1, 0, 0, 98, 1, 0, 0, 99, 1, 0, 0, 57, 1, 0, 0, 60, 1, 0, 0, 62, 1, 0, 0, 63, 1, 0, 0, 51, 1, 0, 0, 52, 1, 0, 0, 56, 1, 0, 0, 58, 1, 0, 0, 62, 1, 0, 0, 63, 1, 0, 0, 52, 1, 0, 0, 55, 1, 0, 0, 57, 1, 0, 0, 62, 1, 0, 0, 58, 1, 0, 0, 59, 1, 0, 0, 60, 1, 0, 0, 63, 1, 0, 0, 51, 1, 0, 0, 52, 1, 0, 0, 53, 1, 0, 0, 54, 1, 0, 0, 55, 1, 0, 0, 53, 1, 0, 0, 54, 1, 0, 0, 56, 1, 0, 0, 58, 1, 0, 0, 59, 1, 0, 0, 53, 1, 0, 0, 55, 1, 0, 0, 57, 1, 0, 0, 59, 1, 0, 0, 60, 1, 0, 0, 51, 1, 0, 0, 54, 1, 0, 0, 56, 1, 0, 0, 79, 1, 0, 0, 81, 1, 0, 0, 83, 1, 0, 0, 78, 1, 0, 0, 79, 1, 0, 0, 80, 1, 0, 0, 82, 1, 0, 0, 83, 1, 0, 0, 73, 1, 0, 0, 77, 1, 0, 0, 79, 1, 0, 0, 80, 1, 0, 0, 81, 1, 0, 0, 61, 1, 0, 0, 73, 1, 0, 0, 74, 1, 0, 0, 78, 1, 0, 0, 80, 1, 0, 0, 61, 1, 0, 0, 73, 1, 0, 0, 75, 1, 0, 0, 76, 1, 0, 0, 77, 1, 0, 0, 74, 1, 0, 0, 75, 1, 0, 0, 76, 1, 0, 0, 78, 1, 0, 0, 82, 1, 0, 0, 76, 1, 0, 0, 77, 1, 0, 0, 81, 1, 0, 0, 82, 1, 0, 0, 83, 1, 0, 0, 61, 1, 0, 0, 74, 1, 0, 0, 75, 1, 0, 0, 9, 1, 0, 0, 11, 1, 0, 0, 12, 1, 0, 0, 13, 1, 0, 0, 14, 1, 0, 0, 15, 1, 0, 0, 6, 1, 0, 0, 8, 1, 0, 0, 14, 1, 0, 0, 15, 1, 0, 0, 8, 1, 0, 0, 10, 1, 0, 0, 12, 1, 0, 0, 14, 1, 0, 0, 6, 1, 0, 0, 7, 1, 0, 0, 9, 1, 0, 0, 15, 1, 0, 0, 4, 1, 0, 0, 5, 1, 0, 0, 6, 1, 0, 0, 7, 1, 0, 0, 8, 1, 0, 0, 10, 1, 0, 0, 5, 1, 0, 0, 7, 1, 0, 0, 9, 1, 0, 0, 11, 1, 0, 0, 4, 1, 0, 0, 5, 1, 0, 0, 11, 1, 0, 0, 13, 1, 0, 0, 4, 1, 0, 0, 10, 1, 0, 0, 12, 1, 0, 0, 13, 1, 0, 0, 170, 0, 0, 0, 171, 0, 0, 0, 172, 0, 0, 0, 184, 0, 0, 0, 186, 0, 0, 0, 163, 0, 0, 0, 165, 0, 0, 0, 169, 0, 0, 0, 184, 0, 0, 0, 186, 0, 0, 0, 169, 0, 0, 0, 171, 0, 0, 0, 184, 0, 0, 0, 163, 0, 0, 0, 164, 0, 0, 0, 168, 0, 0, 0, 170, 0, 0, 0, 186, 0, 0, 0, 163, 0, 0, 0, 164, 0, 0, 0, 165, 0, 0, 0, 166, 0, 0, 0, 167, 0, 0, 0, 166, 0, 0, 0, 167, 0, 0, 0, 168, 0, 0, 0, 170, 0, 0, 0, 172, 0, 0, 0, 165, 0, 0, 0, 167, 0, 0, 0, 169, 0, 0, 0, 171, 0, 0, 0, 172, 0, 0, 0, 164, 0, 0, 0, 166, 0, 0, 0, 168, 0, 0, 0, 240, 0, 0, 0, 241, 0, 0, 0, 242, 0, 0, 0, 243, 0, 0, 0, 173, 0, 0, 0, 233, 0, 0, 0, 237, 0, 0, 0, 239, 0, 0, 0, 240, 0, 0, 0, 241, 0, 0, 0, 238, 0, 0, 0, 239, 0, 0, 0, 240, 0, 0, 0, 242, 0, 0, 0, 233, 0, 0, 0, 234, 0, 0, 0, 238, 0, 0, 0, 239, 0, 0, 0, 234, 0, 0, 0, 235, 0, 0, 0, 236, 0, 0, 0, 238, 0, 0, 0, 242, 0, 0, 0, 243, 0, 0, 0, 173, 0, 0, 0, 235, 0, 0, 0, 236, 0, 0, 0, 237, 0, 0, 0, 236, 0, 0, 0, 237, 0, 0, 0, 241, 0, 0, 0, 243, 0, 0, 0, 173, 0, 0, 0, 233, 0, 0, 0, 234, 0, 0, 0, 235, 0, 0, 0, 30, 1, 0, 0, 31, 1, 0, 0, 32, 1, 0, 0, 34, 1, 0, 0, 38, 1, 0, 0, 32, 1, 0, 0, 33, 1, 0, 0, 37, 1, 0, 0, 38, 1, 0, 0, 39, 1, 0, 0, 28, 1, 0, 0, 29, 1, 0, 0, 31, 1, 0, 0, 32, 1, 0, 0, 33, 1, 0, 0, 28, 1, 0, 0, 30, 1, 0, 0, 31, 1, 0, 0, 29, 1, 0, 0, 33, 1, 0, 0, 35, 1, 0, 0, 36, 1, 0, 0, 37, 1, 0, 0, 34, 1, 0, 0, 35, 1, 0, 0, 36, 1, 0, 0, 38, 1, 0, 0, 39, 1, 0, 0, 28, 1, 0, 0, 29, 1, 0, 0, 30, 1, 0, 0, 34, 1, 0, 0, 35, 1, 0, 0, 36, 1, 0, 0, 37, 1, 0, 0, 39, 1, 0, 0, 18, 1, 0, 0, 19, 1, 0, 0, 20, 1, 0, 0, 22, 1, 0, 0, 26, 1, 0, 0, 20, 1, 0, 0, 21, 1, 0, 0, 25, 1, 0, 0, 26, 1, 0, 0, 27, 1, 0, 0, 16, 1, 0, 0, 17, 1, 0, 0, 19, 1, 0, 0, 20, 1, 0, 0, 21, 1, 0, 0, 16, 1, 0, 0, 18, 1, 0, 0, 19, 1, 0, 0, 17, 1, 0, 0, 21, 1, 0, 0, 23, 1, 0, 0, 24, 1, 0, 0, 25, 1, 0, 0, 22, 1, 0, 0, 23, 1, 0, 0, 24, 1, 0, 0, 26, 1, 0, 0, 27, 1, 0, 0, 16, 1, 0, 0, 17, 1, 0, 0, 18, 1, 0, 0, 22, 1, 0, 0, 24, 1, 0, 0, 23, 1, 0, 0, 25, 1, 0, 0, 27, 1, 0, 0, 112, 0, 0, 0, 113, 0, 0, 0, 114, 0, 0, 0, 105, 0, 0, 0, 106, 0, 0, 0, 110, 0, 0, 0, 112, 0, 0, 0, 113, 0, 0, 0, 110, 0, 0, 0, 111, 0, 0, 0, 113, 0, 0, 0, 114, 0, 0, 0, 115, 0, 0, 0, 104, 0, 0, 0, 105, 0, 0, 0, 109, 0, 0, 0, 110, 0, 0, 0, 111, 0, 0, 0, 106, 0, 0, 0, 107, 0, 0, 0, 108, 0, 0, 0, 112, 0, 0, 0, 114, 0, 0, 0, 115, 0, 0, 0, 104, 0, 0, 0, 107, 0, 0, 0, 108, 0, 0, 0, 109, 0, 0, 0, 104, 0, 0, 0, 105, 0, 0, 0, 106, 0, 0, 0, 108, 0, 0, 0, 107, 0, 0, 0, 109, 0, 0, 0, 111, 0, 0, 0, 115, 0, 0, 0, 193, 0, 0, 0, 196, 0, 0, 0, 220, 0, 0, 0, 221, 0, 0, 0, 195, 0, 0, 0, 197, 0, 0, 0, 201, 0, 0, 0, 202, 0, 0, 0, 220, 0, 0, 0, 221, 0, 0, 0, 196, 0, 0, 0, 200, 0, 0, 0, 201, 0, 0, 0, 221, 0, 0, 0, 193, 0, 0, 0, 194, 0, 0, 0, 195, 0, 0, 0, 220, 0, 0, 0, 197, 0, 0, 0, 198, 0, 0, 0, 202, 0, 0, 0, 194, 0, 0, 0, 195, 0, 0, 0, 197, 0, 0, 0, 198, 0, 0, 0, 199, 0, 0, 0, 198, 0, 0, 0, 199, 0, 0, 0, 200, 0, 0, 0, 201, 0, 0, 0, 202, 0, 0, 0, 193, 0, 0, 0, 194, 0, 0, 0, 196, 0, 0, 0, 199, 0, 0, 0, 200, 0, 0, 0, 123, 0, 0, 0, 128, 0, 0, 0, 136, 0, 0, 0, 137, 0, 0, 0, 124, 0, 0, 0, 125, 0, 0, 0, 127, 0, 0, 0, 129, 0, 0, 0, 136, 0, 0, 0, 137, 0, 0, 0, 122, 0, 0, 0, 123, 0, 0, 0, 129, 0, 0, 0, 136, 0, 0, 0, 124, 0, 0, 0, 126, 0, 0, 0, 128, 0, 0, 0, 137, 0, 0, 0, 116, 0, 0, 0, 117, 0, 0, 0, 125, 0, 0, 0, 127, 0, 0, 0, 116, 0, 0, 0, 117, 0, 0, 0, 122, 0, 0, 0, 123, 0, 0, 0, 126, 0, 0, 0, 128, 0, 0, 0, 116, 0, 0, 0, 122, 0, 0, 0, 127, 0, 0, 0, 129, 0, 0, 0, 117, 0, 0, 0, 124, 0, 0, 0, 125, 0, 0, 0, 126, 0, 0, 0, 86, 0, 0, 0, 87, 0, 0, 0, 88, 0, 0, 0, 90, 0, 0, 0, 80, 0, 0, 0, 81, 0, 0, 0, 85, 0, 0, 0, 87, 0, 0, 0, 88, 0, 0, 0, 89, 0, 0, 0, 88, 0, 0, 0, 89, 0, 0, 0, 90, 0, 0, 0, 91, 0, 0, 0, 80, 0, 0, 0, 82, 0, 0, 0, 86, 0, 0, 0, 87, 0, 0, 0, 80, 0, 0, 0, 81, 0, 0, 0, 82, 0, 0, 0, 83, 0, 0, 0, 82, 0, 0, 0, 83, 0, 0, 0, 84, 0, 0, 0, 86, 0, 0, 0, 90, 0, 0, 0, 91, 0, 0, 0, 81, 0, 0, 0, 83, 0, 0, 0, 84, 0, 0, 0, 85, 0, 0, 0, 84, 0, 0, 0, 85, 0, 0, 0, 89, 0, 0, 0, 91, 0, 0, 0, 98, 0, 0, 0, 100, 0, 0, 0, 103, 0, 0, 0, 93, 0, 0, 0, 96, 0, 0, 0, 98, 0, 0, 0, 99, 0, 0, 0, 100, 0, 0, 0, 99, 0, 0, 0, 100, 0, 0, 0, 101, 0, 0, 0, 102, 0, 0, 0, 103, 0, 0, 0, 92, 0, 0, 0, 93, 0, 0, 0, 95, 0, 0, 0, 99, 0, 0, 0, 101, 0, 0, 0, 92, 0, 0, 0, 93, 0, 0, 0, 94, 0, 0, 0, 96, 0, 0, 0, 97, 0, 0, 0, 94, 0, 0, 0, 95, 0, 0, 0, 97, 0, 0, 0, 101, 0, 0, 0, 102, 0, 0, 0, 92, 0, 0, 0, 94, 0, 0, 0, 95, 0, 0, 0, 96, 0, 0, 0, 97, 0, 0, 0, 98, 0, 0, 0, 102, 0, 0, 0, 103, 0, 0, 0, 32, 0, 0, 0, 34, 0, 0, 0, 37, 0, 0, 0, 38, 0, 0, 0, 39, 0, 0, 0, 30, 0, 0, 0, 31, 0, 0, 0, 33, 0, 0, 0, 38, 0, 0, 0, 39, 0, 0, 0, 33, 0, 0, 0, 35, 0, 0, 0, 36, 0, 0, 0, 37, 0, 0, 0, 39, 0, 0, 0, 31, 0, 0, 0, 32, 0, 0, 0, 38, 0, 0, 0, 28, 0, 0, 0, 29, 0, 0, 0, 30, 0, 0, 0, 33, 0, 0, 0, 35, 0, 0, 0, 28, 0, 0, 0, 29, 0, 0, 0, 34, 0, 0, 0, 36, 0, 0, 0, 37, 0, 0, 0, 28, 0, 0, 0, 35, 0, 0, 0, 36, 0, 0, 0, 29, 0, 0, 0, 30, 0, 0, 0, 31, 0, 0, 0, 32, 0, 0, 0, 34, 0, 0, 0, 144, 0, 0, 0, 145, 0, 0, 0, 146, 0, 0, 0, 183, 0, 0, 0, 185, 0, 0, 0, 147, 0, 0, 0, 151, 0, 0, 0, 153, 0, 0, 0, 183, 0, 0, 0, 185, 0, 0, 0, 146, 0, 0, 0, 148, 0, 0, 0, 152, 0, 0, 0, 153, 0, 0, 0, 185, 0, 0, 0, 145, 0, 0, 0, 147, 0, 0, 0, 183, 0, 0, 0, 149, 0, 0, 0, 150, 0, 0, 0, 151, 0, 0, 0, 152, 0, 0, 0, 153, 0, 0, 0, 144, 0, 0, 0, 145, 0, 0, 0, 147, 0, 0, 0, 149, 0, 0, 0, 151, 0, 0, 0, 144, 0, 0, 0, 146, 0, 0, 0, 148, 0, 0, 0, 149, 0, 0, 0, 150, 0, 0, 0, 148, 0, 0, 0, 150, 0, 0, 0, 152, 0, 0, 0, 9, 0, 0, 0, 10, 0, 0, 0, 13, 0, 0, 0, 21, 0, 0, 0, 7, 0, 0, 0, 9, 0, 0, 0, 20, 0, 0, 0, 21, 0, 0, 0, 8, 0, 0, 0, 11, 0, 0, 0, 12, 0, 0, 0, 13, 0, 0, 0, 20, 0, 0, 0, 21, 0, 0, 0, 6, 0, 0, 0, 7, 0, 0, 0, 8, 0, 0, 0, 20, 0, 0, 0, 0, 0, 0, 0, 1, 0, 0, 0, 6, 0, 0, 0, 8, 0, 0, 0, 11, 0, 0, 0, 1, 0, 0, 0, 6, 0, 0, 0, 7, 0, 0, 0, 9, 0, 0, 0, 10, 0, 0, 0, 0, 0, 0, 0, 1, 0, 0, 0, 10, 0, 0, 0, 12, 0, 0, 0, 13, 0, 0, 0, 0, 0, 0, 0, 11, 0, 0, 0, 12, 0, 0, 0, 55, 0, 0, 0, 56, 0, 0, 0, 57, 0, 0, 0, 59, 0, 0, 0, 63, 0, 0, 0, 52, 0, 0, 0, 53, 0, 0, 0, 54, 0, 0, 0, 55, 0, 0, 0, 56, 0, 0, 0, 54, 0, 0, 0, 55, 0, 0, 0, 60, 0, 0, 0, 62, 0, 0, 0, 63, 0, 0, 0, 52, 0, 0, 0, 56, 0, 0, 0, 57, 0, 0, 0, 53, 0, 0, 0, 54, 0, 0, 0, 58, 0, 0, 0, 60, 0, 0, 0, 61, 0, 0, 0, 58, 0, 0, 0, 59, 0, 0, 0, 61, 0, 0, 0, 62, 0, 0, 0, 63, 0, 0, 0, 60, 0, 0, 0, 61, 0, 0, 0, 62, 0, 0, 0, 52, 0, 0, 0, 53, 0, 0, 0, 57, 0, 0, 0, 58, 0, 0, 0, 59, 0, 0, 0, 42, 0, 0, 0, 43, 0, 0, 0, 45, 0, 0, 0, 49, 0, 0, 0, 51, 0, 0, 0, 40, 0, 0, 0, 41, 0, 0, 0, 42, 0, 0, 0, 44, 0, 0, 0, 45, 0, 0, 0, 44, 0, 0, 0, 45, 0, 0, 0, 46, 0, 0, 0, 50, 0, 0, 0, 51, 0, 0, 0, 40, 0, 0, 0, 42, 0, 0, 0, 43, 0, 0, 0, 41, 0, 0, 0, 44, 0, 0, 0, 46, 0, 0, 0, 47, 0, 0, 0, 48, 0, 0, 0, 47, 0, 0, 0, 48, 0, 0, 0, 49, 0, 0, 0, 50, 0, 0, 0, 51, 0, 0, 0, 46, 0, 0, 0, 47, 0, 0, 0, 50, 0, 0, 0, 40, 0, 0, 0, 41, 0, 0, 0, 43, 0, 0, 0, 48, 0, 0, 0, 49, 0, 0, 0, 255, 0, 0, 0, 1, 1, 0, 0, 67, 1, 0, 0, 68, 1, 0, 0, 69, 1, 0, 0, 70, 1, 0, 0, 68, 1, 0, 0, 70, 1, 0, 0, 118, 1, 0, 0, 120, 1, 0, 0, 65, 1, 0, 0, 67, 1, 0, 0, 68, 1, 0, 0, 114, 1, 0, 0, 115, 1, 0, 0, 118, 1, 0, 0, 119, 1, 0, 0, 250, 0, 0, 0, 251, 0, 0, 0, 254, 0, 0, 0, 255, 0, 0, 0, 64, 1, 0, 0, 65, 1, 0, 0, 67, 1, 0, 0, 177, 0, 0, 0, 179, 0, 0, 0, 254, 0, 0, 0, 255, 0, 0, 0, 0, 1, 0, 0, 1, 1, 0, 0, 178, 0, 0, 0, 179, 0, 0, 0, 181, 0, 0, 0, 182, 0, 0, 0, 250, 0, 0, 0, 254, 0, 0, 0, 24, 0, 0, 0, 25, 0, 0, 0, 26, 0, 0, 0, 27, 0, 0, 0, 176, 0, 0, 0, 177, 0, 0, 0, 178, 0, 0, 0, 179, 0, 0, 0, 18, 0, 0, 0, 25, 0, 0, 0, 178, 0, 0, 0, 181, 0, 0, 0, 18, 0, 0, 0, 19, 0, 0, 0, 24, 0, 0, 0, 25, 0, 0, 0, 69, 0, 0, 0, 71, 0, 0, 0, 24, 0, 0, 0, 27, 0, 0, 0, 67, 0, 0, 0, 70, 0, 0, 0, 71, 0, 0, 0, 14, 0, 0, 0, 15, 0, 0, 0, 18, 0, 0, 0, 19, 0, 0, 0, 157, 0, 0, 0, 181, 0, 0, 0, 182, 0, 0, 0, 14, 0, 0, 0, 15, 0, 0, 0, 64, 0, 0, 0, 154, 0, 0, 0, 187, 0, 0, 0, 15, 0, 0, 0, 19, 0, 0, 0, 64, 0, 0, 0, 69, 0, 0, 0, 72, 0, 0, 0, 78, 0, 0, 0, 14, 0, 0, 0, 154, 0, 0, 0, 157, 0, 0, 0, 161, 0, 0, 0, 157, 0, 0, 0, 161, 0, 0, 0, 182, 0, 0, 0, 244, 0, 0, 0, 248, 0, 0, 0, 250, 0, 0, 0, 251, 0, 0, 0, 154, 0, 0, 0, 161, 0, 0, 0, 187, 0, 0, 0, 189, 0, 0, 0, 244, 0, 0, 0, 40, 1, 0, 0, 48, 1, 0, 0, 244, 0, 0, 0, 248, 0, 0, 0, 40, 1, 0, 0, 46, 1, 0, 0, 50, 1, 0, 0, 248, 0, 0, 0, 251, 0, 0, 0, 46, 1, 0, 0, 64, 1, 0, 0, 46, 1, 0, 0, 50, 1, 0, 0, 64, 1, 0, 0, 65, 1, 0, 0, 111, 1, 0, 0, 114, 1, 0, 0, 40, 1, 0, 0, 48, 1, 0, 0, 50, 1, 0, 0, 108, 1, 0, 0, 111, 1, 0, 0, 204, 0, 0, 0, 209, 0, 0, 0, 224, 0, 0, 0, 225, 0, 0, 0, 108, 1, 0, 0, 111, 1, 0, 0, 114, 1, 0, 0, 115, 1, 0, 0, 188, 0, 0, 0, 189, 0, 0, 0, 209, 0, 0, 0, 48, 1, 0, 0, 108, 1, 0, 0, 131, 0, 0, 0, 188, 0, 0, 0, 204, 0, 0, 0, 209, 0, 0, 0, 130, 0, 0, 0, 131, 0, 0, 0, 134, 0, 0, 0, 135, 0, 0, 0, 204, 0, 0, 0, 224, 0, 0, 0, 64, 0, 0, 0, 72, 0, 0, 0, 130, 0, 0, 0, 131, 0, 0, 0, 187, 0, 0, 0, 188, 0, 0, 0, 189, 0, 0, 0, 72, 0, 0, 0, 78, 0, 0, 0, 130, 0, 0, 0, 134, 0, 0, 0, 227, 0, 0, 0, 228, 0, 0, 0, 229, 0, 0, 0, 118, 1, 0, 0, 119, 1, 0, 0, 120, 1, 0, 0, 121, 1, 0, 0, 225, 0, 0, 0, 228, 0, 0, 0, 115, 1, 0, 0, 119, 1, 0, 0, 135, 0, 0, 0, 141, 0, 0, 0, 224, 0, 0, 0, 225, 0, 0, 0, 227, 0, 0, 0, 228, 0, 0, 0, 140, 0, 0, 0, 141, 0, 0, 0, 142, 0, 0, 0, 143, 0, 0, 0, 227, 0, 0, 0, 229, 0, 0, 0, 230, 0, 0, 0, 69, 0, 0, 0, 70, 0, 0, 0, 71, 0, 0, 0, 78, 0, 0, 0, 134, 0, 0, 0, 135, 0, 0, 0, 140, 0, 0, 0, 141, 0, 0, 0, 67, 0, 0, 0, 70, 0, 0, 0, 75, 0, 0, 0, 140, 0, 0, 0, 142, 0, 0, 0, 41, 1, 0, 0, 45, 1, 0, 0, 66, 1, 0, 0, 112, 1, 0, 0, 113, 1, 0, 0, 116, 1, 0, 0, 207, 0, 0, 0, 208, 0, 0, 0, 110, 1, 0, 0, 112, 1, 0, 0, 113, 1, 0, 0, 206, 0, 0, 0, 208, 0, 0, 0, 226, 0, 0, 0, 113, 1, 0, 0, 116, 1, 0, 0, 117, 1, 0, 0, 43, 1, 0, 0, 44, 1, 0, 0, 45, 1, 0, 0, 49, 1, 0, 0, 109, 1, 0, 0, 110, 1, 0, 0, 112, 1, 0, 0, 192, 0, 0, 0, 203, 0, 0, 0, 207, 0, 0, 0, 47, 1, 0, 0, 109, 1, 0, 0, 110, 1, 0, 0, 42, 1, 0, 0, 47, 1, 0, 0, 49, 1, 0, 0, 109, 1, 0, 0, 249, 0, 0, 0, 253, 0, 0, 0, 41, 1, 0, 0, 43, 1, 0, 0, 45, 1, 0, 0, 246, 0, 0, 0, 42, 1, 0, 0, 44, 1, 0, 0, 49, 1, 0, 0, 245, 0, 0, 0, 246, 0, 0, 0, 247, 0, 0, 0, 249, 0, 0, 0, 43, 1, 0, 0, 44, 1, 0, 0, 158, 0, 0, 0, 160, 0, 0, 0, 162, 0, 0, 0, 247, 0, 0, 0, 249, 0, 0, 0, 252, 0, 0, 0, 253, 0, 0, 0, 155, 0, 0, 0, 156, 0, 0, 0, 159, 0, 0, 0, 190, 0, 0, 0, 191, 0, 0, 0, 192, 0, 0, 0, 245, 0, 0, 0, 246, 0, 0, 0, 42, 1, 0, 0, 47, 1, 0, 0, 159, 0, 0, 0, 160, 0, 0, 0, 245, 0, 0, 0, 247, 0, 0, 0, 2, 0, 0, 0, 4, 0, 0, 0, 5, 0, 0, 0, 156, 0, 0, 0, 158, 0, 0, 0, 159, 0, 0, 0, 160, 0, 0, 0, 4, 0, 0, 0, 16, 0, 0, 0, 17, 0, 0, 0, 158, 0, 0, 0, 162, 0, 0, 0, 180, 0, 0, 0, 2, 0, 0, 0, 3, 0, 0, 0, 155, 0, 0, 0, 156, 0, 0, 0, 22, 0, 0, 0, 23, 0, 0, 0, 26, 0, 0, 0, 174, 0, 0, 0, 176, 0, 0, 0, 16, 0, 0, 0, 17, 0, 0, 0, 22, 0, 0, 0, 23, 0, 0, 0, 74, 0, 0, 0, 76, 0, 0, 0, 16, 0, 0, 0, 23, 0, 0, 0, 174, 0, 0, 0, 175, 0, 0, 0, 180, 0, 0, 0, 22, 0, 0, 0, 26, 0, 0, 0, 27, 0, 0, 0, 67, 0, 0, 0, 73, 0, 0, 0, 74, 0, 0, 0, 75, 0, 0, 0, 73, 0, 0, 0, 74, 0, 0, 0, 76, 0, 0, 0, 79, 0, 0, 0, 132, 0, 0, 0, 133, 0, 0, 0, 138, 0, 0, 0, 139, 0, 0, 0, 73, 0, 0, 0, 75, 0, 0, 0, 139, 0, 0, 0, 142, 0, 0, 0, 143, 0, 0, 0, 138, 0, 0, 0, 139, 0, 0, 0, 143, 0, 0, 0, 230, 0, 0, 0, 231, 0, 0, 0, 232, 0, 0, 0, 133, 0, 0, 0, 138, 0, 0, 0, 205, 0, 0, 0, 232, 0, 0, 0, 205, 0, 0, 0, 226, 0, 0, 0, 231, 0, 0, 0, 232, 0, 0, 0, 117, 1, 0, 0, 122, 1, 0, 0, 229, 0, 0, 0, 230, 0, 0, 0, 231, 0, 0, 0, 121, 1, 0, 0, 122, 1, 0, 0, 123, 1, 0, 0, 118, 0, 0, 0, 119, 0, 0, 0, 191, 0, 0, 0, 192, 0, 0, 0, 203, 0, 0, 0, 66, 0, 0, 0, 68, 0, 0, 0, 118, 0, 0, 0, 190, 0, 0, 0, 191, 0, 0, 0, 3, 0, 0, 0, 66, 0, 0, 0, 155, 0, 0, 0, 190, 0, 0, 0, 66, 1, 0, 0, 71, 1, 0, 0, 72, 1, 0, 0, 116, 1, 0, 0, 117, 1, 0, 0, 122, 1, 0, 0, 123, 1, 0, 0, 69, 1, 0, 0, 70, 1, 0, 0, 72, 1, 0, 0, 120, 1, 0, 0, 121, 1, 0, 0, 123, 1, 0, 0, 0, 1, 0, 0, 1, 1, 0, 0, 3, 1, 0, 0, 69, 1, 0, 0, 71, 1, 0, 0, 72, 1, 0, 0, 252, 0, 0, 0, 253, 0, 0, 0, 2, 1, 0, 0, 3, 1, 0, 0, 41, 1, 0, 0, 66, 1, 0, 0, 71, 1, 0, 0, 174, 0, 0, 0, 175, 0, 0, 0, 176, 0, 0, 0, 177, 0, 0, 0, 0, 1, 0, 0, 2, 1, 0, 0, 3, 1, 0, 0, 162, 0, 0, 0, 175, 0, 0, 0, 180, 0, 0, 0, 252, 0, 0, 0, 2, 1, 0, 0, 4, 0, 0, 0, 5, 0, 0, 0, 17, 0, 0, 0, 65, 0, 0, 0, 76, 0, 0, 0, 77, 0, 0, 0, 79, 0, 0, 0, 2, 0, 0, 0, 3, 0, 0, 0, 5, 0, 0, 0, 65, 0, 0, 0, 66, 0, 0, 0, 68, 0, 0, 0, 65, 0, 0, 0, 68, 0, 0, 0, 77, 0, 0, 0, 118, 0, 0, 0, 119, 0, 0, 0, 120, 0, 0, 0, 121, 0, 0, 0, 77, 0, 0, 0, 79, 0, 0, 0, 121, 0, 0, 0, 132, 0, 0, 0, 120, 0, 0, 0, 121, 0, 0, 0, 132, 0, 0, 0, 133, 0, 0, 0, 205, 0, 0, 0, 206, 0, 0, 0, 226, 0, 0, 0, 119, 0, 0, 0, 120, 0, 0, 0, 203, 0, 0, 0, 206, 0, 0, 0, 207, 0, 0, 0, 208, 0, 0, 0]
                            quatf xformOp:orient = (1, 0, 0, 0)
                            float3 xformOp:scale = (0.01, 0.01, 0.01)
                            double3 xformOp:translate = (0.065457325505335, 0.05106122346951736, 0.16031393122739263)
                            uniform token[] xformOpOrder = ["xformOp:translate", "xformOp:orient", "xformOp:scale"]
                        }

                        over "SM_CratePlastic_D_01_47"
                        {
                            over "SM_CratePlastic_D_01"
                            {
                                quatf xformOp:orient = (1, 0, 0, 0)
                                float3 xformOp:scale = (0.01, 0.01, 0.01)
                                double3 xformOp:translate = (-5.553858878105149, -28.117252042763738, 1.4744227566600316)
                                uniform token[] xformOpOrder = ["xformOp:translate", "xformOp:orient", "xformOp:scale"]
                            }
                        }
                    }

                    def Mesh "Cube" (
                        prepend apiSchemas = ["MaterialBindingAPI"]
                    )
                    {
                        float3[] extent = [(-0.5, -0.5, -0.5), (0.5, 0.5, 0.5)]
                        int[] faceVertexCounts = [4, 4, 4, 4, 4, 4]
                        int[] faceVertexIndices = [0, 1, 3, 2, 4, 6, 7, 5, 6, 2, 3, 7, 4, 5, 1, 0, 4, 0, 2, 6, 5, 7, 3, 1]
                        rel material:binding = </World/Environment/props/room_props/ridgeback_03/Looks/material_black> (
                            bindMaterialAs = "weakerThanDescendants"
                        )
                        normal3f[] normals = [(0, 0, 1), (0, 0, 1), (0, 0, 1), (0, 0, 1), (0, 0, -1), (0, 0, -1), (0, 0, -1), (0, 0, -1), (0, 1, 0), (0, 1, 0), (0, 1, 0), (0, 1, 0), (0, -1, 0), (0, -1, 0), (0, -1, 0), (0, -1, 0), (-1, 0, 0), (-1, 0, 0), (-1, 0, 0), (-1, 0, 0), (1, 0, 0), (1, 0, 0), (1, 0, 0), (1, 0, 0)] (
                            interpolation = "faceVarying"
                        )
                        point3f[] points = [(-0.5, -0.5, 0.5), (0.5, -0.5, 0.5), (-0.5, 0.5, 0.5), (0.5, 0.5, 0.5), (-0.5, -0.5, -0.5), (0.5, -0.5, -0.5), (-0.5, 0.5, -0.5), (0.5, 0.5, -0.5)]
                        texCoord2f[] primvars:st = [(0, 0), (1, 0), (1, 1), (0, 1), (1, 0), (1, 1), (0, 1), (0, 0), (0, 1), (0, 0), (1, 0), (1, 1), (0, 0), (1, 0), (1, 1), (0, 1), (0, 0), (1, 0), (1, 1), (0, 1), (1, 0), (1, 1), (0, 1), (0, 0)] (
                            interpolation = "faceVarying"
                        )
                        uniform token subdivisionScheme = "none"
                        quatd xformOp:orient = (1, 0, 0, 0)
                        double3 xformOp:scale = (0.4331618137256537, 0.7282168387209986, 0.1948130360390154)
                        double3 xformOp:translate = (-0.13174831575464907, 0.004165944653678366, 0.367538091123987)
                        uniform token[] xformOpOrder = ["xformOp:translate", "xformOp:orient", "xformOp:scale"]
                    }

                    def Xform "RidgebackSensorPillar"
                    {
                        quatd xformOp:orient = (1, 0, 0, 0)
                        double3 xformOp:scale = (1, 1, 1)
                        double3 xformOp:translate = (0.20645509695915365, 0, 0)
                        uniform token[] xformOpOrder = ["xformOp:translate", "xformOp:orient", "xformOp:scale"]

                        def Cylinder "Cylinder"
                        {
                            uniform token axis = "Z"
                            float3[] extent = [(-0.5, -0.5, -0.5), (0.5, 0.5, 0.5)]
                            double height = 1
                            double radius = 0.5
                            custom bool refinementEnableOverride = 1
                            custom int refinementLevel = 2
                            quatd xformOp:orient = (1, 0, 0, 0)
                            double3 xformOp:scale = (0.06572937451320822, 0.06572937451320822, 0.585323548036705)
                            double3 xformOp:translate = (0, 0, 0.5609654859150717)
                            uniform token[] xformOpOrder = ["xformOp:translate", "xformOp:orient", "xformOp:scale"]
                        }

                        def "OS0_REV7_128_20hz___1024_resolution" (
                            prepend payload = @https://omniverse-content-production.s3-us-west-2.amazonaws.com/Assets/Isaac/5.1/Isaac/Sensors/Ouster/OS0/OS0_REV7_128_20hz___1024_resolution.usd@
                        )
                        {
                            quatf xformOp:orient = (1, 0, 0, 0)
                            float3 xformOp:scale = (1, 1, 1)
                            double3 xformOp:translate = (0, 0, 0.856068017470534)
                            uniform token[] xformOpOrder = ["xformOp:translate", "xformOp:orient", "xformOp:scale"]
                        }

                        def "rsd455" (
                            prepend payload = @https://omniverse-content-production.s3-us-west-2.amazonaws.com/Assets/Isaac/5.1/Isaac/Sensors/Intel/RealSense/rsd455.usd@
                        )
                        {
                            quatf xformOp:orient = (1, 0, 0, 0)
                            float3 xformOp:scale = (1, 1, 1)
                            double3 xformOp:translate = (0.03914455602291156, 0, 0.796498889115883)
                            uniform token[] xformOpOrder = ["xformOp:translate", "xformOp:orient", "xformOp:scale"]

                            over "RSD455"
                            {
                                over "Visual"
                                {
                                    float3 xformOp:rotateXYZ = (90, -3.180555e-14, -90)
                                    float3 xformOp:scale = (1, 1, 1)
                                    double3 xformOp:translate = (0, 0, 0)
                                    uniform token[] xformOpOrder = ["xformOp:translate", "xformOp:rotateXYZ", "xformOp:scale"]

                                    over "Case_front"
                                    {
                                        quatf xformOp:orient = (1, 0, 0, 0)
                                        float3 xformOp:scale = (1, 1, 1)
                                        double3 xformOp:translate = (0, 0, 0)
                                        uniform token[] xformOpOrder = ["xformOp:translate", "xformOp:orient", "xformOp:scale"]
                                    }

                                    over "Case_back"
                                    {
                                        double3 xformOp:translate = (0, 0, 0)
                                    }
                                }
                            }
                        }
                    }
                }

                def "SM_Desk_04a" (
                    prepend apiSchemas = ["MaterialBindingAPI"]
                    prepend payload = @https://omniverse-content-production.s3-us-west-2.amazonaws.com/Assets/Isaac/5.1/Isaac/Environments/Hospital/Props/SM_Desk_04a.usd@
                )
                {
                    rel material:binding = </World/Environment/props/room_props/ridgeback_03/Looks/material_white> (
                        bindMaterialAs = "weakerThanDescendants"
                    )
                    double3 xformOp:rotateZYX = (0, 0, 0)
                    double3 xformOp:scale = (0.013, 1, 1)
                    double3 xformOp:translate = (0, 0, 0)
                    uniform token[] xformOpOrder = ["xformOp:translate", "xformOp:rotateZYX", "xformOp:scale"]

                    over "SM_Desk_04a" (
                        prepend apiSchemas = ["MaterialBindingAPI"]
                    )
                    {
                        rel material:binding = </World/Environment/props/room_props/ridgeback_03/Looks/material_white> (
                            bindMaterialAs = "weakerThanDescendants"
                        )
                        float3 xformOp:rotateZYX = (0, 0, 0)
                        float3 xformOp:scale = (1.3, 0.02, 0.01)
                        double3 xformOp:translate = (0, 0, 0)
                        uniform token[] xformOpOrder = ["xformOp:translate", "xformOp:rotateZYX", "xformOp:scale"]
                    }

                    def "SM_CoffeeToGo" (
                        prepend payload = @https://omniverse-content-production.s3-us-west-2.amazonaws.com/Assets/Isaac/5.1/Isaac/Environments/Office/Props/SM_CoffeeToGo.usd@
                    )
                    {
                        float3 xformOp:rotateZYX = (0, 0, 0)
                        float3 xformOp:scale = (76.92308, 1, 1)
                        double3 xformOp:translate = (-470.29176125159603, -7.063581062052162, 0.8242487311363219)
                        uniform token[] xformOpOrder = ["xformOp:translate", "xformOp:rotateZYX", "xformOp:scale"]

                        over "SM_CoffeeToGo"
                        {
                        }
                    }

                    def "SM_Lamp02" (
                        prepend payload = @https://omniverse-content-production.s3-us-west-2.amazonaws.com/Assets/Isaac/5.1/Isaac/Environments/Office/Props/SM_Lamp02.usd@
                    )
                    {
                        float3 xformOp:rotateZYX = (0, 0, 180)
                        float3 xformOp:scale = (76.92308, 1, 1)
                        double3 xformOp:translate = (-322.26919919633826, -7.012603759765624, 0.8242492079734801)
                        uniform token[] xformOpOrder = ["xformOp:translate", "xformOp:rotateZYX", "xformOp:scale"]

                        over "SM_Lamp02"
                        {
                        }
                    }

                    def "SM_BoxPortableC" (
                        active = true
                        prepend payload = @https://omniverse-content-production.s3-us-west-2.amazonaws.com/Assets/Isaac/5.1/Isaac/Environments/Office/Props/SM_BoxPortableC.usd@
                    )
                    {
                        float3 xformOp:rotateZYX = (0, 0, 0)
                        float3 xformOp:scale = (76.92308, 1, 1)
                        double3 xformOp:translate = (-351.29302172108135, -6.595069615577453, 0.8249030974543724)
                        uniform token[] xformOpOrder = ["xformOp:translate", "xformOp:rotateZYX", "xformOp:scale"]

                        over "SM_BoxPortableC"
                        {
                        }
                    }
                }

                def "SM_Chair_04a" (
                    prepend payload = @https://omniverse-content-production.s3-us-west-2.amazonaws.com/Assets/Isaac/5.1/Isaac/Environments/Hospital/Props/SM_Chair_04a.usd@
                )
                {
                    float3 xformOp:rotateZYX = (0, 0, 0)
                    float3 xformOp:scale = (1, 1, 1)
                    double3 xformOp:translate = (-5.166164419725683, -8.005235213801086, 0)
                    uniform token[] xformOpOrder = ["xformOp:translate", "xformOp:rotateZYX", "xformOp:scale"]

                    over "SM_Chair_04a"
                    {
                    }
                }
            }
        }
    }

    def Xform "Lights"
    {
        def DomeLight "Sky" (
            prepend apiSchemas = ["ShapingAPI"]
        )
        {
            float inputs:colorTemperature = 6250
            bool inputs:enableColorTemperature = 1
            float inputs:exposure = 9
            float inputs:intensity = 1
            float inputs:shaping:cone:angle = 180
            asset inputs:texture:file = @../extscache/omni.kit.stage_templates-2.0.0 69cbf6ad/data/CarLight_512x256.hdr@
            token inputs:texture:format = "latlong"
            quatd xformOp:orient = (1, 0, 0, 0)
            double3 xformOp:scale = (1, 1, 1)
            double3 xformOp:translate = (0, 0, 305)
            uniform token[] xformOpOrder = ["xformOp:translate", "xformOp:orient", "xformOp:scale"]
        }

        def DistantLight "DistantLight" (
            prepend apiSchemas = ["ShapingAPI"]
        )
        {
            float inputs:angle = 2.5
            float inputs:colorTemperature = 7250
            bool inputs:enableColorTemperature = 1
            float inputs:exposure = 10
            float inputs:intensity = 1
            float inputs:shaping:cone:angle = 180
            quatd xformOp:orient = (0.6532814824381883, 0.2705980500730985, 0.27059805007309845, 0.6532814824381882)
            double3 xformOp:scale = (1, 1, 1)
            double3 xformOp:translate = (0, 0, 305)
            uniform token[] xformOpOrder = ["xformOp:translate", "xformOp:orient", "xformOp:scale"]
        }
    }
}

def "Render" (
    hide_in_stage_window = true
    no_delete = true
)
{
    def "OmniverseKit"
    {
        def "HydraTextures" (
            hide_in_stage_window = true
            no_delete = true
        )
        {
            def RenderProduct "omni_kit_widget_viewport_ViewportTexture_0" (
                prepend apiSchemas = ["OmniRtxSettingsCommonAdvancedAPI_1", "OmniRtxSettingsRtAdvancedAPI_1", "OmniRtxSettingsPtAdvancedAPI_1", "OmniRtxPostColorGradingAPI_1", "OmniRtxPostChromaticAberrationAPI_1", "OmniRtxPostBloomPhysicalAPI_1", "OmniRtxPostMatteObjectAPI_1", "OmniRtxPostCompositingAPI_1", "OmniRtxPostDofAPI_1", "OmniRtxPostMotionBlurAPI_1", "OmniRtxPostTvNoiseAPI_1", "OmniRtxPostTonemapIrayReinhardAPI_1", "OmniRtxPostDebugSettingsAPI_1", "OmniRtxDebugSettingsAPI_1"]
                hide_in_stage_window = true
                no_delete = true
            )
            {
                rel camera = </OmniverseKit_Persp>
                token omni:rtx:background:source:texture:textureMode = "repeatMirrored"
                token omni:rtx:background:source:type = "domeLight"
                bool omni:rtx:dlss:frameGeneration = 0
                bool omni:rtx:material:db:nonVisualMaterialCSV:enabled = 0
                bool omni:rtx:material:db:syncLoads = 1
                token omni:rtx:post:dlss:execMode = "performance"
                bool omni:rtx:post:registeredCompositing:invertColorCorrection = 1
                bool omni:rtx:post:registeredCompositing:invertToneMap = 1
                bool omni:rtx:pt:lightcache:cached:dontResolveConflicts = 1
                int omni:rtx:pt:maxSamplesPerLaunch = 2073600
                int omni:rtx:pt:mgpu:maxPixelsPerRegionExponent = 12
                color3f omni:rtx:rt:ambientLight:color = (0.1, 0.1, 0.1)
                bool omni:rtx:rt:demoire = 0
                bool omni:rtx:rt:lightcache:spatialCache:dontResolveConflicts = 1
                bool omni:rtx:scene:hydra:materialSyncLoads = 1
                bool omni:rtx:scene:hydra:mdlMaterialWarmup = 1
                uint omni:rtx:viewTile:limit = 4294967295
                rel orderedVars = </Render/Vars/LdrColor>
                custom bool overrideClipRange = 0
                uniform int2 resolution = (1280, 720)
            }
        }
    }

    def RenderSettings "OmniverseGlobalRenderSettings" (
        prepend apiSchemas = ["OmniRtxSettingsGlobalRtAdvancedAPI_1", "OmniRtxSettingsGlobalPtAdvancedAPI_1"]
        no_delete = true
    )
    {
        rel products = </Render/OmniverseKit/HydraTextures/omni_kit_widget_viewport_ViewportTexture_0>
    }

    def "Vars"
    {
        def RenderVar "LdrColor" (
            hide_in_stage_window = true
            no_delete = true
        )
        {
            uniform string sourceName = "LdrColor"
        }
    }
}
